Date,Content Type,Title,Asset ID,URL,PVs MoM,Page Views,Visitors,Visits,Engagement,Flags,Bounce Rate,Clickthrough Rate,Exit Rate,Play Scroll Interact Rate,Helpful Rate,Ratings,Verbatims,Author,Scroll Rate,Same Page Interaction Rate,Copy Rate,Primary Content Interaction Rate,Share Traffic Rate,Contact Us Rate,Download Rate,Growth Impresssions Rate,Growth CTA Rate,Growth Banner Dismiss Rate,Organic Search Rate,Direct Traffic Rate,Microsoft Traffic Rate,External Traffic Rate,Social Media Traffic Rate,FreshNess
March 2026,Reference,Copilot in Bing: Our approach to Responsible AI,45b5eae8-7466-43e1-ae98-b48f8ff8fd44,https://support.microsoft.com/en-us/topic/45b5eae8-7466-43e1-ae98-b48f8ff8fd44,100.00%,1,1,1,L,1,0.00%,100.00%,100.00%,0.00%,,0,0,ninazhou@microsoft.com,0.00%,0.00%,0.00%,0.00%,0.00%,0.00%,0.00%,0.00%,0.00%,0.00%,0.00%,100.00%,0.00%,0.00%,0.00%,
March 2026,Navigation,Microsoft Copilot help,s.hp.microsoft-copilot,https://support.microsoft.com/en-us/https://support.microsoft.com/en-us/microsoft-copilot,5.70%,"41,909","32,642","35,566",H,1,18.81%,51.30%,100.00%,46.57%,,0,0,jareda@microsoft.com,46.50%,0.21%,0.38%,0.21%,0.00%,0.32%,0.00%,0.00%,1.45%,0.00%,5.13%,14.57%,79.88%,0.42%,0.00%,91-365 Days
March 2026,Quick Answer,Using Bing Web Search with Microsoft 365 Copilot,68298db3-6cbc-4fd1-89de-a8208efd1e9f,https://support.microsoft.com/en-us/topic/68298db3-6cbc-4fd1-89de-a8208efd1e9f,100.00%,2,1,2,L,1,0.00%,50.00%,100.00%,0.00%,,0,0,jadamczyk@microsoft.com,0.00%,0.00%,0.00%,0.00%,0.00%,0.00%,0.00%,50.00%,0.00%,0.00%,0.00%,0.00%,100.00%,0.00%,0.00%,
March 2026,How To,Getting started with Copilot on macOS,e69021ae-3592-4a0b-b2b6-df7b7f9eeb30,https://support.microsoft.com/en-us/topic/e69021ae-3592-4a0b-b2b6-df7b7f9eeb30,-5.40%,"10,197","7,468","7,851",H,1,18.05%,47.06%,100.00%,50.40%,58.90%,73,0,jareda@microsoft.com,50.02%,1.68%,0.34%,44.44%,0.04%,0.02%,0.00%,0.00%,1.14%,0.00%,57.68%,12.19%,29.19%,0.93%,0.00%,91-365 Days
March 2026,How To,Edit a Copilot prompt to make it your own,4f766981-dd4c-4038-a025-0f88c67fd9db,https://support.microsoft.com/en-us/topic/4f766981-dd4c-4038-a025-0f88c67fd9db,24.35%,"3,404","2,722","3,052",H,0,20.01%,44.42%,100.00%,55.55%,86.96%,23,1,ruihu@microsoft.com,55.55%,0.26%,2.00%,38.57%,0.03%,0.00%,0.00%,0.00%,0.18%,0.00%,9.08%,29.73%,59.64%,1.50%,0.03%,0-90 Days
March 2026,How To,Get started with the Microsoft 365 Copilot App store,265a99b9-9036-4808-a1dd-4e9bdf2b31ea,https://support.microsoft.com/en-us/topic/265a99b9-9036-4808-a1dd-4e9bdf2b31ea,11.75%,"3,754","3,120","3,294",H,0,20.46%,40.41%,100.00%,56.18%,45.10%,51,2,beschorr@microsoft.com,54.82%,0.21%,0.40%,31.70%,0.03%,0.00%,0.00%,0.00%,0.61%,0.00%,5.11%,25.41%,60.68%,8.79%,0.00%,91-365 Days
March 2026,How To,Recap your week with Copilot,d33438f4-a4be-42e0-9531-e02e25037859,https://support.microsoft.com/en-us/topic/d33438f4-a4be-42e0-9531-e02e25037859,0.86%,927,820,859,H,0,20.71%,39.37%,100.00%,65.48%,50.00%,2,0,triciag@microsoft.com,65.37%,0.22%,0.65%,37.00%,0.00%,0.00%,0.00%,0.00%,0.32%,0.00%,23.09%,25.67%,50.70%,0.54%,0.00%,> 365 Days
March 2026,How To,Getting started with Microsoft Copilot,8fde147f-726e-4790-9503-70790ddcac73,https://support.microsoft.com/en-us/topic/8fde147f-726e-4790-9503-70790ddcac73,14.83%,"26,246","20,925","22,214",H,0,19.26%,38.95%,100.00%,64.76%,60.94%,594,8,jareda@microsoft.com,64.66%,0.45%,1.19%,6.85%,0.03%,0.00%,0.00%,0.00%,1.13%,0.00%,26.30%,21.74%,49.86%,2.08%,0.02%,91-365 Days
March 2026,How To,What is the Microsoft 365 Copilot app?,092599f1-5917-4bd6-bd59-58af628bbc39,https://support.microsoft.com/en-us/topic/092599f1-5917-4bd6-bd59-58af628bbc39,25.64%,"38,990","30,990","34,638",H,0,20.22%,38.70%,100.00%,55.80%,63.75%,913,9,triciag@microsoft.com,53.58%,0.32%,0.68%,28.16%,0.08%,0.03%,0.00%,0.00%,1.55%,0.00%,8.62%,24.38%,64.77%,2.22%,0.01%,0-90 Days
March 2026,How To,Share your best prompts,75402b14-b419-494d-9e58-1709b4f334a2,https://support.microsoft.com/en-us/topic/75402b14-b419-494d-9e58-1709b4f334a2,22.70%,"2,820","2,431","2,604",H,1,24.65%,37.62%,100.00%,48.62%,92.31%,13,0,triciag@microsoft.com,48.62%,0.00%,1.42%,35.85%,0.00%,0.04%,0.00%,0.00%,0.07%,0.00%,6.88%,35.07%,54.33%,3.72%,0.00%,0-90 Days
March 2026,Privacy,Privacy FAQ for Microsoft Copilot,27b3a435-8dc9-4b55-9a4b-58eeb9647a7f,https://support.microsoft.com/en-us/topic/27b3a435-8dc9-4b55-9a4b-58eeb9647a7f,7.30%,"53,280","41,118","44,945",H,0,11.21%,35.97%,100.00%,73.88%,72.87%,"2,355",85,jareda@microsoft.com,73.80%,0.63%,1.89%,6.70%,0.29%,0.09%,0.00%,0.00%,1.45%,0.00%,11.72%,53.58%,34.07%,0.54%,0.09%,0-90 Days
March 2026,Privacy,Transparency Note for Microsoft Copilot,c1541cad-8bb4-410a-954c-07225892dbc2,https://support.microsoft.com/en-us/topic/c1541cad-8bb4-410a-954c-07225892dbc2,12.27%,"11,921","9,865","10,682",H,0,21.93%,35.28%,100.00%,54.79%,71.84%,277,12,richardives@microsoft.com,54.69%,0.50%,2.13%,23.56%,0.27%,0.08%,0.00%,0.00%,1.38%,0.00%,3.25%,24.48%,67.30%,4.55%,0.42%,91-365 Days
March 2026,How To,Get more agents in the Microsoft 365 Copilot app,5986a0fb-ed6c-4eb7-82c0-e91e105276fb,https://support.microsoft.com/en-us/topic/5986a0fb-ed6c-4eb7-82c0-e91e105276fb,14.89%,"2,948","2,661","2,810",H,1,28.80%,35.21%,100.00%,43.89%,60.00%,5,0,triciag@microsoft.com,43.86%,0.07%,0.41%,33.45%,0.00%,0.00%,0.00%,0.00%,0.20%,0.00%,1.87%,37.38%,60.18%,0.58%,0.00%,91-365 Days
March 2026,Navigation,Microsoft 365 Premium help & learning,s.hp.microsoft-365-premium,https://support.microsoft.com/en-us/https://support.microsoft.com/en-us/microsoft-365-premium,8.68%,"8,524","6,854","7,511",H,1,25.65%,34.64%,100.00%,48.85%,,0,0,bitaylor@microsoft.com,48.23%,2.08%,0.21%,2.08%,0.00%,0.01%,0.00%,41.87%,4.26%,1.67%,15.33%,38.47%,41.06%,5.08%,0.06%,0-90 Days
March 2026,How To,Monday morning with Copilot,023638f0-684d-4c91-8110-21a9269adf6b,https://support.microsoft.com/en-us/topic/023638f0-684d-4c91-8110-21a9269adf6b,9.01%,"1,032",828,935,H,0,24.22%,33.72%,100.00%,55.72%,40.00%,5,0,triciag@microsoft.com,53.78%,0.29%,1.45%,31.78%,0.00%,0.00%,0.00%,0.00%,0.19%,0.00%,14.92%,54.94%,28.00%,2.13%,0.00%,> 365 Days
March 2026,How To,Get started with Microsoft 365 Copilot Chat,5b00a52d-7296-48ee-b938-b95b7209f737,https://support.microsoft.com/en-us/topic/5b00a52d-7296-48ee-b938-b95b7209f737,-2.77%,"25,967","19,695","22,525",H,0,23.09%,33.55%,100.00%,54.98%,74.41%,809,26,danismith@microsoft.com,54.87%,0.33%,0.99%,27.26%,0.04%,0.01%,0.00%,0.00%,2.87%,0.00%,17.23%,26.68%,41.03%,15.00%,0.03%,0-90 Days
March 2026,Privacy,Microsoft Copilot privacy controls,8e479f27-6eb6-48c5-8d6a-c134062e2be6,https://support.microsoft.com/en-us/topic/8e479f27-6eb6-48c5-8d6a-c134062e2be6,22.86%,"23,118","17,769","19,240",H,0,16.79%,33.00%,100.00%,60.73%,66.18%,544,21,jareda@microsoft.com,60.54%,0.86%,2.60%,17.09%,0.35%,0.05%,0.00%,0.00%,0.81%,0.00%,9.94%,17.13%,72.31%,0.61%,0.01%,91-365 Days
March 2026,How To,Get to work with Copilot,6fdd7c6a-2db5-4882-a8aa-f2c2f6b3aa48,https://support.microsoft.com/en-us/topic/6fdd7c6a-2db5-4882-a8aa-f2c2f6b3aa48,17.49%,835,708,758,H,0,25.75%,32.81%,100.00%,51.14%,83.33%,6,0,triciag@microsoft.com,48.98%,0.60%,0.24%,30.66%,0.00%,0.00%,0.00%,0.00%,0.12%,0.00%,11.86%,46.11%,41.44%,0.60%,0.00%,> 365 Days
March 2026,How To,Get started with Search in the Microsoft 365 Copilot app,acc4d31f-496e-4f9d-ade0-67bae32d14ba,https://support.microsoft.com/en-us/topic/acc4d31f-496e-4f9d-ade0-67bae32d14ba,16.22%,"5,315","4,252","4,678",H,1,25.32%,32.74%,100.00%,44.14%,45.65%,46,0,donnabouldin@microsoft.com,40.70%,0.56%,0.79%,27.58%,0.04%,0.02%,0.00%,26.21%,0.83%,0.30%,15.97%,30.35%,50.72%,2.88%,0.08%,0-90 Days
March 2026,How To,Get started with Create in Microsoft 365 Copilot,6e0c616d-69fb-42f2-a4cb-c59e006ec4f5,https://support.microsoft.com/en-us/topic/6e0c616d-69fb-42f2-a4cb-c59e006ec4f5,11.39%,"8,517","6,631","7,515",H,1,24.40%,32.73%,100.00%,50.69%,65.71%,105,3,daisyfeller@microsoft.com,50.60%,0.29%,1.42%,29.82%,0.00%,0.00%,0.00%,0.00%,0.31%,0.00%,28.06%,30.61%,30.82%,9.45%,1.06%,0-90 Days
March 2026,How To,Ask questions and get answers using Microsoft 365 Copilot Chat,fd8d88af-9492-48cd-8385-7e8615b42d80,https://support.microsoft.com/en-us/topic/fd8d88af-9492-48cd-8385-7e8615b42d80,18.47%,"6,870","5,609","6,325",H,0,24.34%,31.63%,100.00%,55.56%,62.96%,108,4,danismith@microsoft.com,53.78%,0.29%,1.27%,28.78%,0.00%,0.00%,0.00%,0.00%,0.64%,0.00%,21.75%,27.31%,47.09%,3.86%,0.00%,0-90 Days
March 2026,How To,Conversation history in Microsoft Copilot,9a07325a-0366-4c2d-82cb-dab61be8287c,https://support.microsoft.com/en-us/topic/9a07325a-0366-4c2d-82cb-dab61be8287c,13.00%,"27,531","22,870","24,356",H,0,18.00%,31.27%,100.00%,66.09%,50.17%,297,7,jareda@microsoft.com,65.97%,0.68%,0.89%,7.51%,0.15%,0.02%,0.00%,0.00%,0.49%,0.00%,57.80%,19.37%,21.57%,1.25%,0.01%,91-365 Days
March 2026,Navigation,Microsoft 365 Copilot help and learning,s.hp.microsoft-365-copilot,https://support.microsoft.com/en-us/https://support.microsoft.com/en-us/microsoft-365-copilot,42.83%,"183,946","129,863","154,845",H,1,27.51%,30.30%,100.00%,43.64%,,0,0,seoykim@ntdev.microsoft.com,41.40%,1.90%,0.28%,2.12%,0.00%,0.04%,0.00%,26.99%,2.22%,1.45%,3.35%,56.28%,24.61%,15.73%,0.02%,0-90 Days
March 2026,Navigation,Microsoft 365 Copilot video tutorials,25a1b328-79be-4e8a-af96-1f894e52bcf6,https://support.microsoft.com/en-us/topic/25a1b328-79be-4e8a-af96-1f894e52bcf6,19.68%,"34,496","21,673","28,210",H,1,26.72%,30.10%,100.00%,45.61%,80.62%,449,9,seoykim@ntdev.microsoft.com,45.45%,0.45%,0.69%,25.83%,0.01%,0.00%,0.00%,0.00%,0.43%,0.00%,16.83%,49.67%,14.72%,18.77%,0.01%,0-90 Days
March 2026,How To,Supported regions and languages in Microsoft Copilot,26de43a1-c176-4908-bef7-29c8c37ac7ce,https://support.microsoft.com/en-us/topic/26de43a1-c176-4908-bef7-29c8c37ac7ce,3.19%,"15,849","12,133","13,129",H,0,22.05%,29.16%,100.00%,55.37%,69.23%,559,15,jareda@microsoft.com,55.16%,1.05%,1.94%,15.65%,0.18%,0.02%,0.00%,0.00%,2.08%,0.00%,13.10%,24.63%,44.56%,17.70%,0.01%,91-365 Days
March 2026,Navigation,Microsoft 365 Copilot Chat video tutorial,e54fb679-9554-435a-8418-d0e0ce2646c6,https://support.microsoft.com/en-us/topic/e54fb679-9554-435a-8418-d0e0ce2646c6,4.93%,"2,171","1,650","1,926",H,1,27.96%,28.24%,100.00%,50.71%,88.89%,9,0,seoykim@ntdev.microsoft.com,50.62%,0.55%,0.78%,25.24%,0.00%,0.00%,0.00%,25.79%,0.92%,0.23%,6.13%,40.03%,44.45%,9.40%,0.00%,91-365 Days
March 2026,How To,Where can I get Microsoft Copilot?,40a622db-6d25-4266-b008-4bbcb55cf52f,https://support.microsoft.com/en-us/topic/40a622db-6d25-4266-b008-4bbcb55cf52f,15.69%,"7,706","6,744","7,229",H,0,16.70%,27.91%,100.00%,63.15%,45.97%,124,5,triciag@microsoft.com,63.08%,0.16%,0.84%,18.76%,0.01%,0.06%,0.00%,0.00%,1.25%,0.00%,2.80%,22.89%,73.98%,0.32%,0.00%,91-365 Days
March 2026,How To,Find relevant files,05dfe7fe-b3df-45e4-830e-0cbed1a433bd,https://support.microsoft.com/en-us/topic/05dfe7fe-b3df-45e4-830e-0cbed1a433bd,17.66%,725,641,680,H,0,20.00%,27.03%,100.00%,62.21%,75.00%,4,0,triciag@microsoft.com,62.07%,0.55%,3.31%,26.62%,0.00%,0.00%,0.00%,0.00%,0.00%,0.00%,2.90%,66.07%,30.48%,0.55%,0.00%,> 365 Days
March 2026,Discovery,Agents built by Microsoft,9cc7cccf-b1ed-4b17-b416-2c15e5e13d5a,https://support.microsoft.com/en-us/topic/9cc7cccf-b1ed-4b17-b416-2c15e5e13d5a,16.27%,"11,128","9,237","10,216",H,0,27.75%,26.74%,100.00%,53.26%,48.60%,107,3,loreenl@microsoft.com,52.85%,1.30%,0.91%,23.52%,0.01%,0.02%,0.00%,25.80%,1.15%,0.45%,8.23%,27.27%,61.74%,2.23%,0.53%,91-365 Days
March 2026,How To,Brainstorm ideas,101a2870-3832-429b-a801-53dfc17a4972,https://support.microsoft.com/en-us/topic/101a2870-3832-429b-a801-53dfc17a4972,10.87%,699,641,665,H,0,24.46%,25.75%,100.00%,54.65%,,0,0,triciag@microsoft.com,54.51%,0.43%,1.57%,24.32%,0.00%,0.00%,0.00%,0.00%,0.43%,0.00%,8.30%,54.94%,35.05%,1.72%,0.00%,> 365 Days
March 2026,How To,How Microsoft 365 Copilot Notebooks works,4071d73d-8bdd-478f-8968-8dc1d7c3d43e,https://support.microsoft.com/en-us/topic/4071d73d-8bdd-478f-8968-8dc1d7c3d43e,6.64%,"7,698","6,129","7,139",H,0,24.72%,25.41%,100.00%,56.68%,68.42%,57,0,jenz@microsoft.com,56.68%,0.48%,2.82%,24.23%,0.00%,0.00%,0.00%,25.21%,0.17%,0.25%,35.87%,27.70%,34.36%,2.07%,0.01%,0-90 Days
March 2026,How To,Catch up on a long email thread,5e99722e-1cc4-42c7-b26d-2ff36cd71df5,https://support.microsoft.com/en-us/topic/5e99722e-1cc4-42c7-b26d-2ff36cd71df5,0.22%,897,800,842,H,0,31.10%,25.20%,100.00%,51.95%,80.00%,5,0,triciag@microsoft.com,51.95%,0.22%,0.89%,24.30%,0.00%,0.00%,0.00%,0.00%,0.11%,0.00%,4.12%,66.11%,28.09%,1.11%,0.56%,> 365 Days
March 2026,How To,Frequently asked questions about Copilot in Microsoft 365 subscriptions,bda0d6e8-346d-41ce-ab1e-f6af6229c462,https://support.microsoft.com/en-us/topic/bda0d6e8-346d-41ce-ab1e-f6af6229c462,7.91%,"70,266","53,835","58,128",H,0,15.34%,24.42%,100.00%,54.16%,62.09%,"3,400",94,askfordocs@microsoft.com,53.64%,18.08%,0.68%,21.28%,0.19%,0.29%,0.00%,0.00%,2.36%,0.00%,4.10%,47.08%,46.96%,1.84%,0.03%,0-90 Days
March 2026,Privacy,Microsoft Copilot age limits and parental controls,f79b47a6-288a-4513-8c01-afe4d16db900,https://support.microsoft.com/en-us/topic/f79b47a6-288a-4513-8c01-afe4d16db900,-2.44%,"3,694","3,017","3,183",H,0,26.85%,24.34%,100.00%,52.76%,54.76%,42,1,jareda@microsoft.com,52.54%,0.73%,1.35%,17.46%,0.14%,0.00%,0.00%,0.00%,0.65%,0.00%,42.69%,33.70%,22.23%,1.27%,0.11%,91-365 Days
March 2026,How To,Get started with agents in the Microsoft 365 Copilot app,943e563d-602d-40fa-bdd1-dbc83f582466,https://support.microsoft.com/en-us/topic/943e563d-602d-40fa-bdd1-dbc83f582466,16.83%,"32,757","25,423","29,869",H,0,25.44%,24.20%,100.00%,56.69%,61.84%,207,5,v-tpotter@microsoft.com,54.13%,0.29%,0.59%,22.73%,0.01%,0.00%,0.00%,0.00%,0.20%,0.00%,25.69%,24.46%,26.60%,23.07%,0.17%,91-365 Days
March 2026,Reference,Compare Microsoft 365 Copilot Notebooks and Microsoft OneNote Notebooks,f1104457-9d10-44f1-83ce-d274d45543d1,https://support.microsoft.com/en-us/topic/f1104457-9d10-44f1-83ce-d274d45543d1,12.00%,"4,260","3,568","4,001",H,0,26.48%,23.83%,100.00%,59.15%,63.33%,30,0,jenz@microsoft.com,59.13%,0.56%,1.92%,23.15%,0.00%,0.00%,0.00%,27.54%,0.14%,0.28%,28.43%,31.10%,39.06%,1.03%,0.38%,91-365 Days
March 2026,How To,Getting started with Copilot on Windows,1159c61f-86c3-4755-bf83-7fbff7e0982d,https://support.microsoft.com/en-us/topic/1159c61f-86c3-4755-bf83-7fbff7e0982d,11.81%,"38,876","30,681","33,540",H,1,25.72%,23.69%,100.00%,44.21%,68.06%,"1,030",30,jareda@microsoft.com,44.08%,0.56%,0.99%,19.16%,0.05%,0.02%,0.00%,0.00%,1.13%,0.00%,22.83%,34.09%,38.44%,4.60%,0.05%,91-365 Days
March 2026,How To,Provide custom instructions for your Microsoft 365 Copilot Notebook,763a9536-d459-4f90-8835-c411863d91ce,https://support.microsoft.com/en-us/topic/763a9536-d459-4f90-8835-c411863d91ce,31.13%,"3,042","2,612","2,877",H,1,29.68%,23.67%,100.00%,50.72%,12.50%,8,0,jenz@microsoft.com,50.72%,0.16%,1.31%,23.11%,0.00%,0.00%,0.00%,0.00%,0.07%,0.00%,18.93%,39.55%,40.76%,0.76%,0.00%,0-90 Days
March 2026,How To,Get started with Microsoft 365 Copilot Notebooks,0775e693-11c6-4d80-8aba-fcc81a737a06,https://support.microsoft.com/en-us/topic/0775e693-11c6-4d80-8aba-fcc81a737a06,17.63%,"51,174","37,321","45,032",H,0,22.59%,23.59%,100.00%,62.36%,61.71%,538,13,jenz@microsoft.com,61.69%,1.06%,1.99%,21.98%,0.01%,0.00%,0.00%,30.48%,0.59%,0.32%,55.78%,24.84%,15.63%,3.07%,0.67%,0-90 Days
March 2026,How To,How to save prompts,55373730-2627-46a5-b0d8-772abe22dba4,https://support.microsoft.com/en-us/topic/55373730-2627-46a5-b0d8-772abe22dba4,15.68%,"9,864","8,160","9,167",H,0,22.56%,23.45%,100.00%,58.71%,83.82%,173,1,smccontent@microsoft.com,58.67%,0.18%,2.42%,22.40%,0.01%,0.00%,0.00%,0.00%,0.09%,0.00%,27.04%,44.72%,24.50%,3.58%,0.16%,0-90 Days
March 2026,How To,Revisit your Microsoft 365 Copilot Chat history,6ea899e3-3bb1-450a-a2ae-220341ac193a,https://support.microsoft.com/en-us/topic/6ea899e3-3bb1-450a-a2ae-220341ac193a,22.32%,"8,821","7,510","8,069",H,0,20.50%,23.42%,100.00%,66.73%,45.88%,85,5,danismith@microsoft.com,66.69%,0.20%,1.03%,20.21%,0.02%,0.01%,0.00%,0.00%,0.34%,0.00%,36.32%,29.92%,32.54%,1.21%,0.01%,0-90 Days
March 2026,How To,Get started with Microsoft 365 Copilot Pages,6674bd51-9ff5-42c4-9256-44d9428a726f,https://support.microsoft.com/en-us/topic/6674bd51-9ff5-42c4-9256-44d9428a726f,16.02%,"11,369","8,827","10,273",H,0,23.85%,23.38%,100.00%,57.43%,69.57%,92,5,jenz@microsoft.com,52.98%,0.64%,1.35%,21.34%,0.00%,0.00%,0.00%,31.91%,0.44%,0.30%,34.12%,29.13%,30.32%,5.92%,0.50%,0-90 Days
March 2026,How To,Build your own agent with Microsoft 365 Copilot,ee209698-16bd-4d5c-9e4a-a999528c9d00,https://support.microsoft.com/en-us/topic/ee209698-16bd-4d5c-9e4a-a999528c9d00,19.60%,"24,426","18,437","22,187",H,0,22.78%,23.31%,100.00%,62.09%,60.85%,189,1,triciag@microsoft.com,58.01%,0.90%,0.67%,22.09%,0.00%,0.00%,0.00%,32.74%,0.50%,0.50%,46.09%,20.65%,27.39%,4.70%,1.17%,91-365 Days
March 2026,How To,How Microsoft 365 Copilot Pages works,d155bd99-c3cc-4ef8-8da4-c0a92bfce29b,https://support.microsoft.com/en-us/topic/d155bd99-c3cc-4ef8-8da4-c0a92bfce29b,5.04%,"2,142","1,821","2,016",H,0,30.63%,22.50%,100.00%,51.68%,84.62%,13,0,jenz@microsoft.com,51.68%,0.28%,1.54%,21.76%,0.00%,0.00%,0.00%,27.82%,0.09%,0.05%,23.02%,43.18%,32.07%,1.73%,0.00%,0-90 Days
March 2026,How To,Summarize your week,7094c0b5-d043-432c-8811-e1aebb90eb43,https://support.microsoft.com/en-us/topic/7094c0b5-d043-432c-8811-e1aebb90eb43,7.73%,"1,669","1,430","1,542",H,0,21.39%,22.35%,100.00%,69.20%,50.00%,8,0,triciag@microsoft.com,69.20%,0.42%,2.58%,21.63%,0.00%,0.00%,0.00%,0.00%,0.06%,0.00%,12.16%,70.22%,17.14%,0.48%,0.00%,> 365 Days
March 2026,How To,Create AI-generated images with the Microsoft 365 Copilot app,14658f53-0b48-4435-baa6-a869f87247d2,https://support.microsoft.com/en-us/topic/14658f53-0b48-4435-baa6-a869f87247d2,12.25%,"6,213","5,192","5,535",H,0,29.55%,22.16%,100.00%,52.37%,57.80%,109,3,jenz@microsoft.com,49.91%,1.26%,0.74%,18.51%,0.00%,0.00%,0.00%,41.48%,1.48%,0.39%,49.54%,29.26%,19.75%,1.45%,0.00%,91-365 Days
March 2026,How To,How to view all your Microsoft 365 Copilot Notebooks in one place,b27b0b8f-b621-4140-bdd8-3d4cfac643d1,https://support.microsoft.com/en-us/topic/b27b0b8f-b621-4140-bdd8-3d4cfac643d1,22.32%,"1,613","1,506","1,543",H,1,36.89%,22.07%,100.00%,37.76%,,0,0,jenz@microsoft.com,37.76%,0.00%,0.62%,21.14%,0.00%,0.00%,0.00%,0.00%,0.12%,0.00%,6.32%,66.09%,27.34%,0.25%,0.00%,0-90 Days
March 2026,How To,Create content using Microsoft 365 Copilot Chat,81398592-c1bd-4dd5-87e5-0af63aada049,https://support.microsoft.com/en-us/topic/81398592-c1bd-4dd5-87e5-0af63aada049,9.22%,"3,656","3,131","3,438",H,1,33.10%,21.75%,100.00%,44.31%,94.12%,34,0,danismith@microsoft.com,44.31%,0.11%,1.94%,20.38%,0.00%,0.00%,0.00%,0.00%,0.33%,0.00%,3.75%,39.82%,48.71%,7.69%,0.03%,91-365 Days
March 2026,How To,File upload in Microsoft Copilot,8b7bf432-9576-4b16-9dee-6c19a4169e62,https://support.microsoft.com/en-us/topic/8b7bf432-9576-4b16-9dee-6c19a4169e62,5.78%,"14,748","11,871","12,860",H,0,19.91%,20.86%,100.00%,60.11%,53.01%,249,7,jareda@microsoft.com,60.02%,0.49%,2.03%,15.81%,0.07%,0.01%,0.00%,0.00%,0.95%,0.00%,40.02%,24.47%,33.55%,1.90%,0.06%,91-365 Days
March 2026,How To,Get started with the Microsoft 365 Copilot mobile app,24bd7d62-f3c7-47d8-8cce-ee78edc018d4,https://support.microsoft.com/en-us/topic/24bd7d62-f3c7-47d8-8cce-ee78edc018d4,2.47%,"28,047","19,589","22,499",H,0,26.96%,20.71%,100.00%,55.36%,31.97%,319,24,janellem@microsoft.com,50.89%,0.72%,0.16%,6.88%,0.04%,0.17%,0.00%,0.00%,0.47%,0.00%,2.83%,86.99%,9.83%,0.35%,0.00%,0-90 Days
March 2026,How To,Getting started with Copilot in Microsoft Edge,ab0153dc-ad31-4de6-899a-802223821a9d,https://support.microsoft.com/en-us/topic/ab0153dc-ad31-4de6-899a-802223821a9d,13.84%,"20,449","16,356","17,476",H,1,23.25%,20.29%,100.00%,49.04%,60.97%,"1,035",26,jareda@microsoft.com,48.86%,0.51%,0.94%,11.09%,0.08%,0.03%,0.00%,0.00%,2.45%,0.00%,13.91%,24.05%,61.42%,0.56%,0.05%,91-365 Days
March 2026,How To,Generate QR codes with Microsoft 365 Copilot Chat,dbf297db-616f-4681-8ea2-8103695c4fda,https://support.microsoft.com/en-us/topic/dbf297db-616f-4681-8ea2-8103695c4fda,13.04%,"6,908","6,046","6,421",H,0,22.73%,19.89%,100.00%,62.87%,50.43%,115,4,v-ggross@microsoft.com,62.62%,1.13%,4.59%,16.62%,0.04%,0.00%,0.00%,41.62%,1.45%,0.49%,52.30%,17.83%,29.14%,0.64%,0.09%,0-90 Days
March 2026,How To,Get answers and insights about your Microsoft 365 Copilot Notebook,c8b09545-de92-49fe-b2a3-64940f175b9a,https://support.microsoft.com/en-us/topic/c8b09545-de92-49fe-b2a3-64940f175b9a,38.48%,"2,201","1,960","2,088",L,2,39.62%,19.54%,100.00%,40.16%,100.00%,1,0,jenz@microsoft.com,40.16%,0.09%,1.14%,18.90%,0.05%,0.00%,0.00%,18.86%,0.05%,0.05%,2.00%,62.34%,35.17%,0.41%,0.09%,0-90 Days
March 2026,How To,Get started using Researcher with Computer Use in Microsoft 365 Copilot (Frontier),1f274537-6648-46e8-8264-052a49b92af4,https://support.microsoft.com/en-us/topic/1f274537-6648-46e8-8264-052a49b92af4,37.06%,"1,897","1,521","1,752",H,0,25.99%,19.35%,100.00%,51.56%,25.00%,8,0,camillepack@microsoft.com,51.50%,6.59%,2.58%,22.03%,0.00%,0.00%,0.00%,26.73%,0.11%,0.05%,22.09%,43.23%,33.79%,0.79%,0.11%,0-90 Days
March 2026,How To,Catch up on things quickly using Microsoft 365 Copilot Chat,cffb11c2-bb06-4d5b-bd4b-9497895daff3,https://support.microsoft.com/en-us/topic/cffb11c2-bb06-4d5b-bd4b-9497895daff3,14.17%,"6,633","5,754","6,285",H,1,30.86%,19.30%,100.00%,46.54%,92.62%,122,0,danismith@microsoft.com,46.51%,0.18%,2.01%,17.74%,0.00%,0.00%,0.00%,0.00%,0.27%,0.00%,3.08%,43.95%,46.18%,6.45%,0.35%,0-90 Days
March 2026,How To,Translate content in Microsoft 365 Copilot Chat,cff7d7b2-b43a-4b77-ac09-e3fc6dd38c0f,https://support.microsoft.com/en-us/topic/cff7d7b2-b43a-4b77-ac09-e3fc6dd38c0f,3.72%,"5,215","4,489","4,911",H,1,33.77%,19.27%,100.00%,50.97%,46.84%,79,0,danismith@microsoft.com,50.85%,0.73%,1.02%,17.74%,0.00%,0.00%,0.00%,31.47%,1.21%,0.35%,73.71%,23.51%,2.30%,0.48%,0.00%,0-90 Days
March 2026,How To,Create a presentation from existing files,beb15deb-3241-4711-a480-9cbd8dc4d755,https://support.microsoft.com/en-us/topic/beb15deb-3241-4711-a480-9cbd8dc4d755,17.72%,"2,263","1,953","2,087",H,0,25.59%,19.27%,100.00%,60.80%,57.14%,49,1,triciag@microsoft.com,60.54%,1.19%,1.15%,15.25%,0.04%,0.00%,0.00%,0.00%,1.06%,0.00%,40.70%,39.11%,14.71%,5.48%,0.00%,0-90 Days
March 2026,How To,Build apps with Microsoft 365 Copilot (Frontier),a50c7eb7-ed36-45b5-baa4-b24e70f3b550,https://support.microsoft.com/en-us/topic/a50c7eb7-ed36-45b5-baa4-b24e70f3b550,21.14%,"7,139","5,157","6,315",H,0,23.59%,19.16%,100.00%,57.92%,62.86%,35,0,v-amguen@microsoft.com,57.80%,0.88%,2.72%,13.49%,0.00%,0.00%,0.00%,30.10%,0.41%,0.31%,51.73%,30.45%,15.93%,1.18%,0.71%,91-365 Days
March 2026,How To,Discover what was said,c96a3c94-209c-4154-9fdf-d18b3c38f9d5,https://support.microsoft.com/en-us/topic/c96a3c94-209c-4154-9fdf-d18b3c38f9d5,22.17%,830,740,793,H,1,35.18%,19.16%,100.00%,50.48%,80.00%,5,1,triciag@microsoft.com,50.48%,0.12%,4.46%,18.31%,0.00%,0.00%,0.00%,0.00%,0.12%,0.00%,0.72%,76.27%,22.89%,0.12%,0.00%,> 365 Days
March 2026,Discovery,"Copilot in Microsoft 365 Personal, Family, and Premium",35b88a54-fe01-49f5-8789-b74e239d8dc0,https://support.microsoft.com/en-us/topic/35b88a54-fe01-49f5-8789-b74e239d8dc0,14.79%,"6,821","6,183","6,428",H,0,32.91%,19.09%,100.00%,48.06%,51.40%,107,5,bhutson@microsoft.com,47.95%,1.03%,1.19%,10.78%,0.22%,0.19%,0.00%,49.60%,2.36%,0.18%,26.99%,50.68%,21.24%,0.97%,0.12%,91-365 Days
March 2026,How To,Edit an image with the Microsoft 365 Copilot app,44766c08-f026-4820-8e92-294732e7bcf1,https://support.microsoft.com/en-us/topic/44766c08-f026-4820-8e92-294732e7bcf1,10.82%,"4,306","3,648","3,866",H,0,23.85%,19.04%,100.00%,61.29%,65.00%,60,1,jenz@microsoft.com,60.87%,1.46%,0.81%,15.95%,0.02%,0.00%,0.00%,44.12%,1.51%,0.35%,61.94%,25.27%,11.29%,1.51%,0.00%,0-90 Days
March 2026,How To,Create word clouds using Microsoft 365 Copilot Chat,6ff62e1b-d623-42ee-a49d-4d7873def9bc,https://support.microsoft.com/en-us/topic/6ff62e1b-d623-42ee-a49d-4d7873def9bc,-31.27%,"5,318","4,666","5,076",H,0,29.01%,18.94%,100.00%,58.56%,49.37%,79,0,danismith@microsoft.com,58.41%,0.64%,2.31%,17.81%,0.00%,0.00%,0.00%,40.69%,0.79%,0.30%,84.56%,13.29%,1.45%,0.70%,0.00%,0-90 Days
March 2026,How To,"AI credits and limits for Microsoft 365 Personal, Family, and Premium",68530f1a-4459-4d02-9818-8233c1f673b8,https://support.microsoft.com/en-us/topic/68530f1a-4459-4d02-9818-8233c1f673b8,6.68%,"224,028","176,149","196,766",H,0,16.84%,18.66%,100.00%,68.98%,62.93%,"17,405",518,loreenl@microsoft.com,68.85%,0.48%,0.75%,5.03%,0.08%,0.22%,0.00%,0.00%,1.89%,0.00%,2.96%,72.29%,23.81%,0.86%,0.08%,0-90 Days
March 2026,How To,Copilot tutorial: Start using Copilot,fe837774-3f6b-4885-850d-01f0e428898c,https://support.microsoft.com/en-us/topic/fe837774-3f6b-4885-850d-01f0e428898c,10.50%,"18,388","15,458","17,231",H,0,24.71%,18.41%,100.00%,60.08%,68.09%,282,7,seoykim@ntdev.microsoft.com,48.99%,0.65%,0.46%,11.43%,0.01%,0.00%,0.00%,0.00%,2.01%,0.00%,57.01%,23.95%,11.34%,7.69%,0.01%,91-365 Days
March 2026,How To,Using Copilot Pages,cbceeea1-d3be-4028-9ec5-ba1b55dac1a3,https://support.microsoft.com/en-us/topic/cbceeea1-d3be-4028-9ec5-ba1b55dac1a3,-0.93%,"4,067","3,341","3,738",H,0,24.74%,18.34%,100.00%,54.91%,60.00%,65,3,jareda@microsoft.com,54.86%,0.61%,1.45%,12.20%,0.10%,0.00%,0.00%,0.00%,1.20%,0.00%,27.96%,27.17%,43.52%,1.35%,0.00%,91-365 Days
March 2026,How To,Design a poster with the Microsoft 365 Copilot app,c7affd18-3747-421d-baa8-6d1e880529be,https://support.microsoft.com/en-us/topic/c7affd18-3747-421d-baa8-6d1e880529be,5.34%,"3,558","3,037","3,168",H,1,29.26%,18.27%,100.00%,46.96%,70.73%,82,0,beschorr@microsoft.com,46.74%,1.52%,0.79%,15.18%,0.00%,0.00%,0.00%,34.15%,1.55%,0.67%,37.63%,45.31%,16.50%,0.56%,0.00%,0-90 Days
March 2026,How To,Get better results with Copilot prompting,77251d6c-e162-479d-b398-9e46cf73da55,https://support.microsoft.com/en-us/topic/77251d6c-e162-479d-b398-9e46cf73da55,0.46%,"13,976","11,334","13,000",H,1,30.91%,17.54%,100.00%,42.74%,90.73%,151,0,ruihu@microsoft.com,38.62%,0.23%,1.81%,15.89%,0.00%,0.00%,0.00%,0.00%,0.09%,0.00%,11.99%,62.54%,20.72%,4.62%,0.12%,0-90 Days
March 2026,Discovery,Get started with Analyst in Microsoft 365 Copilot,ff505b9c-a06c-4be9-b855-69d89b1d25d2,https://support.microsoft.com/en-us/topic/ff505b9c-a06c-4be9-b855-69d89b1d25d2,6.04%,"11,896","9,309","10,932",H,0,27.51%,17.47%,100.00%,53.38%,58.06%,124,6,loreenl@microsoft.com,49.83%,0.55%,1.95%,15.35%,0.01%,0.01%,0.00%,28.03%,0.61%,0.18%,32.73%,34.89%,28.52%,3.51%,0.35%,91-365 Days
March 2026,How To,Frequently asked questions about Microsoft 365 Copilot Notebooks,d5a87ed7-886c-4c59-b39d-a840470aad21,https://support.microsoft.com/en-us/topic/d5a87ed7-886c-4c59-b39d-a840470aad21,21.92%,"2,792","2,481","2,654",L,2,37.36%,17.37%,100.00%,45.42%,40.00%,5,0,jenz@microsoft.com,45.42%,0.07%,1.68%,16.80%,0.00%,0.00%,0.00%,18.66%,0.04%,0.04%,16.19%,53.65%,29.37%,0.64%,0.14%,0-90 Days
March 2026,How To,Get started with voice features in Microsoft 365 Copilot,9262968d-565e-470c-a04b-991eb8e0d1ea,https://support.microsoft.com/en-us/topic/9262968d-565e-470c-a04b-991eb8e0d1ea,21.97%,"6,205","5,233","5,671",H,0,27.69%,17.03%,100.00%,55.17%,64.79%,71,2,danismith@microsoft.com,55.10%,0.53%,1.82%,15.66%,0.00%,0.00%,0.00%,34.34%,0.61%,0.16%,37.94%,40.03%,20.06%,1.93%,0.03%,0-90 Days
March 2026,How To,What's the difference between Microsoft Copilot (free) and Copilot in Microsoft 365,cfff4791-694a-4d90-9c9c-1eb3fb28e842,https://support.microsoft.com/en-us/topic/cfff4791-694a-4d90-9c9c-1eb3fb28e842,47.21%,"13,750","12,250","12,904",H,0,31.22%,16.95%,100.00%,52.95%,68.78%,189,5,janellem@microsoft.com,52.71%,1.29%,0.91%,8.99%,0.03%,0.01%,0.00%,53.61%,1.32%,0.51%,42.46%,51.82%,4.04%,1.68%,0.00%,0-90 Days
March 2026,Navigation,"Microsoft 365 Copilot Chat, your AI assistant for work",s.hp.copilot-microsoft365-chat,https://support.microsoft.com/en-us/https://support.microsoft.com/en-us/copilot-microsoft365-chat,13.32%,"22,290","17,385","20,042",H,1,34.88%,16.89%,100.00%,48.96%,,0,0,,48.06%,0.74%,0.29%,0.74%,0.00%,0.02%,0.00%,0.00%,0.90%,0.00%,64.72%,20.80%,6.66%,7.76%,0.05%,0-90 Days
March 2026,How To,How to favorite a file in the Microsoft 365 Copilot app,45492eb1-f610-4e95-b1f3-b68c2e2c8ce1,https://support.microsoft.com/en-us/topic/45492eb1-f610-4e95-b1f3-b68c2e2c8ce1,23.20%,"1,608","1,546","1,572",L,2,50.62%,16.85%,100.00%,24.63%,71.43%,7,0,camillepack@microsoft.com,24.63%,0.12%,0.50%,16.48%,0.00%,0.00%,0.00%,17.10%,0.00%,0.06%,8.02%,72.20%,19.22%,0.56%,0.00%,0-90 Days
March 2026,How To,Cooking up a great prompt: Getting the most from Copilot,7b614306-d5aa-4b62-8509-e46674a29165,https://support.microsoft.com/en-us/topic/7b614306-d5aa-4b62-8509-e46674a29165,23.26%,"16,606","12,285","15,148",H,1,29.19%,16.67%,100.00%,49.75%,87.61%,460,3,smccontent@microsoft.com,49.69%,0.40%,2.16%,14.13%,0.04%,0.00%,0.00%,0.00%,0.33%,0.00%,12.00%,43.19%,34.96%,9.54%,0.17%,0-90 Days
March 2026,How To,Using Copilot Voice with Microsoft Copilot,efad42fc-d593-49c6-98bf-5ed94c881c32,https://support.microsoft.com/en-us/topic/efad42fc-d593-49c6-98bf-5ed94c881c32,7.92%,"9,372","7,949","8,572",H,0,24.26%,16.67%,100.00%,58.58%,63.29%,158,3,jareda@microsoft.com,58.48%,0.67%,1.05%,13.22%,0.02%,0.00%,0.00%,0.00%,1.31%,0.00%,59.08%,23.59%,16.07%,1.13%,0.13%,91-365 Days
March 2026,How To,Add AI tools to your Microsoft 365 Copilot Chat prompts,217ef982-3ba7-45ef-89cf-2170500e9b0b,https://support.microsoft.com/en-us/topic/217ef982-3ba7-45ef-89cf-2170500e9b0b,15.87%,882,772,829,H,1,33.11%,16.55%,100.00%,50.34%,100.00%,1,0,danismith@microsoft.com,50.34%,0.11%,1.36%,15.31%,0.11%,0.00%,0.00%,22.68%,0.11%,0.00%,8.16%,51.13%,39.23%,1.47%,0.00%,0-90 Days
March 2026,How To,Get started with Researcher in Microsoft 365 Copilot,e63ab760-f3de-4c47-ae87-dad601b0e9c4,https://support.microsoft.com/en-us/topic/e63ab760-f3de-4c47-ae87-dad601b0e9c4,32.35%,"20,416","15,854","18,516",H,0,20.78%,16.53%,100.00%,63.94%,62.64%,182,2,loreenl@microsoft.com,60.78%,0.81%,2.34%,15.04%,0.01%,0.00%,0.00%,31.66%,0.69%,0.34%,39.76%,26.67%,30.18%,3.25%,0.15%,91-365 Days
March 2026,Discovery,Get started with personalizing what Microsoft 365 Copilot remembers,cba7b79a-c46f-4ca7-b46e-2fa22c563f90,https://support.microsoft.com/en-us/topic/cba7b79a-c46f-4ca7-b46e-2fa22c563f90,42.91%,"50,759","44,034","46,849",H,0,23.75%,15.75%,100.00%,68.55%,53.63%,578,3,danismith@microsoft.com,68.49%,0.33%,0.31%,6.27%,0.00%,0.00%,0.00%,12.55%,0.17%,0.14%,1.49%,94.85%,3.34%,0.29%,0.03%,0-90 Days
March 2026,How To,Create a file from a template with the Microsoft 365 Copilot app,af420146-872a-4713-a018-8bea98963abc,https://support.microsoft.com/en-us/topic/af420146-872a-4713-a018-8bea98963abc,74.81%,"5,395","4,636","4,876",H,1,32.59%,15.44%,100.00%,50.40%,65.45%,55,3,jenz@microsoft.com,49.99%,1.96%,0.20%,12.75%,0.04%,0.02%,0.00%,35.25%,0.54%,0.59%,34.85%,47.77%,13.99%,3.39%,0.00%,0-90 Days
March 2026,How To,Supported languages for Microsoft 365 Copilot,94518d61-644b-4118-9492-617eea4801d8,https://support.microsoft.com/en-us/topic/94518d61-644b-4118-9492-617eea4801d8,4.12%,"12,206","10,015","10,995",H,1,30.85%,15.38%,100.00%,47.61%,71.25%,393,9,seoykim@ntdev.microsoft.com,47.54%,0.24%,0.65%,10.22%,0.08%,0.12%,0.00%,0.00%,0.74%,0.00%,8.50%,62.92%,23.93%,4.55%,0.10%,0-90 Days
March 2026,How To,Schedule a meeting to collaborate on a file with the Microsoft 365 Copilot app,7dd2f4ad-5fc2-4ae8-aa16-5b2d460e2cab,https://support.microsoft.com/en-us/topic/7dd2f4ad-5fc2-4ae8-aa16-5b2d460e2cab,35.45%,"1,069","1,033","1,053",L,2,54.91%,15.34%,100.00%,19.27%,0.00%,1,0,camillepack@microsoft.com,19.27%,0.00%,0.65%,15.06%,0.00%,0.00%,0.00%,17.49%,0.19%,0.00%,0.75%,80.82%,17.96%,0.47%,0.00%,0-90 Days
March 2026,How To,How to find your Microsoft 365 Copilot Pages,f537ea7c-6b2d-4159-9217-7f1c3a9d33ce,https://support.microsoft.com/en-us/topic/f537ea7c-6b2d-4159-9217-7f1c3a9d33ce,30.35%,"1,552","1,461","1,515",L,2,38.21%,15.34%,100.00%,40.46%,0.00%,2,0,jenz@microsoft.com,40.40%,0.26%,0.39%,14.18%,0.00%,0.00%,0.00%,0.00%,0.06%,0.00%,27.51%,59.92%,12.11%,0.45%,0.00%,0-90 Days
March 2026,How To,Microsoft 365 Copilot app for iOS,c8880c05-883a-46b6-ad32-9bffa31228d0,https://support.microsoft.com/en-us/topic/c8880c05-883a-46b6-ad32-9bffa31228d0,3.22%,"3,754","3,219","3,451",H,0,28.00%,15.32%,100.00%,55.99%,51.28%,39,1,anahitab@microsoft.com,55.94%,0.69%,0.56%,12.20%,0.03%,0.00%,0.00%,48.38%,1.78%,0.13%,33.56%,45.63%,19.85%,0.96%,0.00%,> 365 Days
March 2026,How To,Continue Microsoft 365 Copilot Notebook chats on your mobile device,36fb51e5-7935-47f8-ad27-e4459bf69fd3,https://support.microsoft.com/en-us/topic/36fb51e5-7935-47f8-ad27-e4459bf69fd3,19.98%,"1,116","1,050","1,087",L,2,43.82%,14.87%,100.00%,34.23%,0.00%,2,0,jenz@microsoft.com,34.23%,0.18%,0.45%,14.70%,0.00%,0.00%,0.00%,24.28%,0.00%,0.09%,12.99%,66.40%,19.44%,0.27%,0.90%,91-365 Days
March 2026,How To,Learn about Copilot prompts,f6c3b467-f07c-4db1-ae54-ffac96184dd5,https://support.microsoft.com/en-us/topic/f6c3b467-f07c-4db1-ae54-ffac96184dd5,21.03%,"29,023","20,514","25,642",H,1,28.49%,14.85%,100.00%,47.52%,87.12%,823,7,ruihu@microsoft.com,47.37%,0.75%,1.84%,11.92%,0.03%,0.00%,0.00%,0.00%,0.41%,0.00%,26.43%,39.21%,21.21%,11.85%,1.30%,0-90 Days
March 2026,How To,Share an agent in the Microsoft 365 Copilot app,b7a8bf95-bb3f-43ec-89d2-743dfa34a9ad,https://support.microsoft.com/en-us/topic/b7a8bf95-bb3f-43ec-89d2-743dfa34a9ad,24.08%,"2,840","2,557","2,716",H,1,35.70%,14.79%,100.00%,46.34%,37.50%,8,1,triciag@microsoft.com,46.23%,0.46%,0.85%,14.68%,0.00%,0.00%,0.00%,20.99%,0.04%,0.18%,25.42%,50.32%,20.85%,3.42%,0.00%,91-365 Days
March 2026,How To,Microsoft 365 Copilot app for Android,0383d031-a1c6-46c9-b734-53cd1d22765b,https://support.microsoft.com/en-us/topic/0383d031-a1c6-46c9-b734-53cd1d22765b,14.82%,"7,597","6,616","6,987",H,0,31.85%,14.70%,100.00%,52.56%,58.97%,78,2,smccontent@microsoft.com,52.48%,0.42%,0.50%,12.40%,0.00%,0.01%,0.00%,49.15%,1.51%,0.17%,37.66%,43.58%,17.66%,1.03%,0.07%,> 365 Days
March 2026,How To,Manage Copilot Memory in Microsoft 365 Copilot,b3231eae-9e60-4b3c-ac58-81fddbe56279,https://support.microsoft.com/en-us/topic/b3231eae-9e60-4b3c-ac58-81fddbe56279,34.76%,"7,232","6,200","6,666",H,0,16.36%,14.49%,100.00%,75.17%,63.49%,126,2,danismith@microsoft.com,75.11%,0.44%,1.59%,6.89%,0.01%,0.00%,0.00%,22.08%,0.15%,0.26%,23.38%,23.52%,51.92%,1.11%,0.07%,0-90 Days
March 2026,How To,Set priorities for next week,86b5fd9d-2417-456c-9003-e641a84cf04c,https://support.microsoft.com/en-us/topic/86b5fd9d-2417-456c-9003-e641a84cf04c,1.18%,424,391,406,H,0,25.94%,14.39%,100.00%,58.49%,90.00%,10,1,triciag@microsoft.com,58.49%,0.24%,2.59%,11.32%,0.00%,0.00%,0.00%,0.00%,0.71%,0.00%,1.18%,44.10%,54.72%,0.00%,0.00%,> 365 Days
March 2026,How To,Use Claude with Researcher in Microsoft 365 Copilot,23e2503b-d73e-4abb-902d-b9814205a38a,https://support.microsoft.com/en-us/topic/23e2503b-d73e-4abb-902d-b9814205a38a,65.88%,"50,360","39,310","46,122",H,0,20.60%,14.37%,100.00%,66.10%,61.44%,319,5,kwekua@microsoft.com,66.01%,0.73%,1.64%,13.41%,0.01%,0.00%,0.00%,30.70%,0.41%,0.25%,43.43%,38.06%,5.89%,12.33%,0.28%,91-365 Days
March 2026,How To,How Copilot Chat works with and without a Microsoft 365 Copilot license,5810b659-fbe0-48ee-9fe6-d731fe86cdeb,https://support.microsoft.com/en-us/topic/5810b659-fbe0-48ee-9fe6-d731fe86cdeb,21.20%,"22,991","17,503","20,613",H,0,26.11%,14.27%,100.00%,56.47%,60.26%,229,3,janellem@microsoft.com,55.05%,13.30%,1.89%,20.83%,0.02%,0.00%,0.00%,0.00%,0.44%,0.00%,30.19%,38.64%,22.75%,5.11%,3.31%,0-90 Days
March 2026,How To,Build lightweight apps within Microsoft 365 Copilot Pages,fd42d9f3-258e-4bf9-8c5e-a73083a197cc,https://support.microsoft.com/en-us/topic/fd42d9f3-258e-4bf9-8c5e-a73083a197cc,23.68%,"1,668","1,426","1,563",L,2,38.19%,14.27%,100.00%,40.89%,,0,0,jenz@microsoft.com,40.83%,0.36%,5.94%,14.15%,0.12%,0.00%,0.00%,18.41%,0.12%,0.06%,4.08%,71.70%,19.48%,4.74%,0.00%,0-90 Days
March 2026,How To,How to view your Microsoft 365 Copilot Notebook content,04e379b5-a5fc-4e25-9ed6-0d0e51561165,https://support.microsoft.com/en-us/topic/04e379b5-a5fc-4e25-9ed6-0d0e51561165,61.19%,"2,458","2,310","2,370",L,2,44.51%,14.24%,100.00%,31.04%,0.00%,1,0,jenz@microsoft.com,31.00%,0.12%,0.33%,13.71%,0.00%,0.00%,0.00%,15.58%,0.08%,0.08%,10.13%,73.31%,16.19%,0.37%,0.00%,0-90 Days
March 2026,How To,How to share a Microsoft 365 Copilot Notebook,e8faaac5-4976-402d-b0a3-ea61f01555ff,https://support.microsoft.com/en-us/topic/e8faaac5-4976-402d-b0a3-ea61f01555ff,14.77%,"4,070","3,366","3,771",H,1,33.73%,13.81%,100.00%,48.03%,58.06%,31,1,jenz@microsoft.com,47.96%,0.61%,1.20%,13.22%,0.02%,0.00%,0.00%,18.13%,0.17%,0.29%,10.64%,75.48%,12.63%,0.47%,0.79%,0-90 Days
March 2026,How To,"Create branded images, banners, and posters in the Microsoft 365 Copilot app",a4f8f261-663a-472f-8afe-e15559293cd6,https://support.microsoft.com/en-us/topic/a4f8f261-663a-472f-8afe-e15559293cd6,14.94%,857,727,812,H,0,27.77%,13.77%,100.00%,58.58%,66.67%,3,0,daisyfeller@microsoft.com,58.46%,0.58%,0.70%,11.90%,0.00%,0.00%,0.00%,24.39%,0.70%,0.23%,24.50%,48.77%,25.90%,0.82%,0.00%,91-365 Days
March 2026,How To,Add Microsoft 365 Copilot Chat responses to multiple Copilot Pages,a5c40f74-55d0-4f1f-80d8-539ccc1a4bcb,https://support.microsoft.com/en-us/topic/a5c40f74-55d0-4f1f-80d8-539ccc1a4bcb,31.74%,"1,257","1,174","1,219",L,2,41.45%,13.76%,100.00%,37.07%,100.00%,1,0,jenz@microsoft.com,37.07%,0.08%,0.64%,13.76%,0.00%,0.00%,0.00%,0.00%,0.00%,0.00%,14.80%,68.02%,16.39%,0.80%,0.00%,91-365 Days
March 2026,How To,Conversation modes in Microsoft Copilot,575efe12-eb34-4437-885a-440f7623cffb,https://support.microsoft.com/en-us/topic/575efe12-eb34-4437-885a-440f7623cffb,13.13%,"7,214","6,248","6,649",H,1,33.66%,13.64%,100.00%,47.81%,64.62%,65,2,jareda@microsoft.com,47.69%,0.43%,2.33%,9.70%,0.00%,0.00%,0.00%,0.00%,0.65%,0.00%,35.75%,42.74%,19.61%,1.58%,0.32%,91-365 Days
March 2026,How To,Changes to the Copilot Prompt Gallery app,1c192167-9250-4ef8-b488-63c474d8b84f,https://support.microsoft.com/en-us/topic/1c192167-9250-4ef8-b488-63c474d8b84f,17.37%,"2,780","2,327","2,569",H,0,28.99%,13.53%,100.00%,59.46%,31.25%,16,2,beschorr@microsoft.com,59.42%,1.22%,3.74%,12.91%,0.00%,0.00%,0.00%,23.24%,0.22%,0.07%,48.13%,41.76%,7.70%,2.41%,0.00%,> 365 Days
March 2026,Discovery,Latest updates for Microsoft 365 Copilot,a5685141-8081-458c-80d6-42493aad51ed,https://support.microsoft.com/en-us/topic/a5685141-8081-458c-80d6-42493aad51ed,12.36%,"8,215","6,764","7,688",H,0,29.29%,13.40%,100.00%,53.66%,56.83%,183,5,triciag@microsoft.com,53.60%,8.11%,0.46%,13.35%,0.05%,0.02%,0.00%,0.00%,1.27%,0.00%,32.37%,57.81%,4.47%,5.15%,0.21%,91-365 Days
March 2026,How To,Uninstall agents in the Microsoft 365 Copilot app,cb26b53b-b25a-4769-b834-eebd5ac04ddf,https://support.microsoft.com/en-us/topic/cb26b53b-b25a-4769-b834-eebd5ac04ddf,35.18%,"3,604","3,441","3,485",H,1,36.43%,13.37%,100.00%,46.42%,40.00%,15,0,triciag@microsoft.com,46.28%,0.78%,1.44%,12.96%,0.00%,0.00%,0.00%,33.21%,0.25%,0.22%,34.93%,54.58%,8.91%,1.58%,0.00%,91-365 Days
March 2026,How To,Get ready for your day,7c8aa8b7-2d96-4816-b400-e329d2f00f53,https://support.microsoft.com/en-us/topic/7c8aa8b7-2d96-4816-b400-e329d2f00f53,8.57%,"2,650","2,455","2,553",L,2,51.89%,13.28%,100.00%,32.87%,76.92%,26,0,triciag@microsoft.com,32.87%,0.15%,4.26%,12.38%,0.00%,0.00%,0.00%,0.00%,0.04%,0.00%,0.72%,89.85%,9.40%,0.04%,0.00%,> 365 Days
March 2026,How To,Find and convert a file to a PDF in the Microsoft 365 Copilot app,9edd1e6c-88b7-435e-bb7c-6080341b396f,https://support.microsoft.com/en-us/topic/9edd1e6c-88b7-435e-bb7c-6080341b396f,0.64%,"4,369","3,761","3,958",H,0,28.22%,13.25%,100.00%,55.99%,51.16%,43,3,smccontent@microsoft.com,55.85%,0.96%,0.87%,9.57%,0.02%,0.00%,0.00%,47.97%,1.19%,0.34%,59.03%,26.85%,13.32%,0.80%,0.00%,0-90 Days
March 2026,How To,Frequently asked questions about Microsoft 365 Copilot Pages,aaffb2d7-cbd7-4b57-a69a-69a29bd03685,https://support.microsoft.com/en-us/topic/aaffb2d7-cbd7-4b57-a69a-69a29bd03685,26.15%,"1,216","1,146","1,183",L,2,42.02%,13.08%,100.00%,41.78%,100.00%,1,0,jenz@microsoft.com,41.78%,0.00%,1.40%,12.17%,0.00%,0.00%,0.00%,23.85%,0.08%,0.00%,18.17%,63.49%,16.94%,1.40%,0.00%,91-365 Days
March 2026,Discovery,What does AI mean for me?,b3f59276-a6c7-429e-b2cb-67db7c2eb1aa,https://support.microsoft.com/en-us/topic/b3f59276-a6c7-429e-b2cb-67db7c2eb1aa,20.65%,"1,472","1,296","1,361",L,2,43.14%,12.91%,100.00%,34.17%,79.31%,29,1,bhutson@microsoft.com,33.90%,1.15%,0.88%,10.80%,0.00%,0.07%,0.00%,34.44%,0.48%,0.82%,18.07%,62.30%,18.75%,0.88%,0.00%,> 365 Days
March 2026,How To,Copilot tutorial: Draft an email,f2c0e349-053a-442c-b618-78542c1f7b1a,https://support.microsoft.com/en-us/topic/f2c0e349-053a-442c-b618-78542c1f7b1a,-0.92%,"1,194","1,079","1,150",H,0,24.54%,12.81%,100.00%,62.90%,81.25%,16,0,seoykim@ntdev.microsoft.com,46.06%,0.50%,1.51%,9.97%,0.00%,0.00%,0.00%,0.00%,0.25%,0.00%,10.22%,44.47%,26.38%,18.17%,0.75%,91-365 Days
March 2026,Reference,"Compare Microsoft Loop, Copilot Pages, and Copilot Notebooks",d6bf4dc0-7b09-4f54-9a92-ff898b8397f7,https://support.microsoft.com/en-us/topic/d6bf4dc0-7b09-4f54-9a92-ff898b8397f7,20.81%,"2,686","2,395","2,591",L,1,34.48%,12.81%,100.00%,49.03%,33.33%,12,1,jenz@microsoft.com,48.99%,0.37%,2.01%,12.40%,0.00%,0.00%,0.00%,27.92%,0.04%,0.07%,25.50%,51.19%,22.04%,1.08%,0.19%,91-365 Days
March 2026,How To,Use branded templates in the Microsoft 365 Copilot app,2ef4423b-6d9d-4f72-9d13-f735b4b7be2f,https://support.microsoft.com/en-us/topic/2ef4423b-6d9d-4f72-9d13-f735b4b7be2f,30.64%,"1,932","1,549","1,772",H,0,21.38%,12.78%,100.00%,68.01%,0.00%,7,1,daisyfeller@microsoft.com,67.96%,0.47%,1.04%,11.54%,0.00%,0.00%,0.00%,29.87%,0.10%,0.16%,26.35%,31.73%,40.99%,0.93%,0.00%,0-90 Days
March 2026,How To,Turn raw data into dynamic visuals with Microsoft 365 Copilot Pages,8a88637e-87f7-4099-b1c3-1472c2ba625c,https://support.microsoft.com/en-us/topic/8a88637e-87f7-4099-b1c3-1472c2ba625c,15.26%,996,952,972,L,2,42.97%,12.75%,100.00%,39.96%,50.00%,4,0,jenz@microsoft.com,39.96%,0.20%,0.90%,12.05%,0.00%,0.00%,0.00%,22.49%,0.20%,0.00%,18.98%,67.27%,13.25%,0.50%,0.00%,0-90 Days
March 2026,How To,Copilot tutorial: Meet Microsoft 365 Copilot,31a8881d-1a1e-4574-83df-2cbcc24e89ac,https://support.microsoft.com/en-us/topic/31a8881d-1a1e-4574-83df-2cbcc24e89ac,15.55%,"12,038","9,513","11,029",H,0,20.26%,12.73%,100.00%,65.62%,81.82%,231,2,seoykim@ntdev.microsoft.com,47.36%,0.37%,0.42%,9.89%,0.02%,0.00%,0.00%,0.00%,0.56%,0.00%,4.52%,44.78%,35.51%,15.19%,0.00%,0-90 Days
March 2026,How To,Copilot tutorial: Summarize an email,1b7816de-d246-4b2a-88ff-b9032fc8aaa6,https://support.microsoft.com/en-us/topic/1b7816de-d246-4b2a-88ff-b9032fc8aaa6,14.73%,"2,708","2,325","2,546",H,0,24.82%,12.70%,100.00%,65.95%,75.61%,41,1,seoykim@ntdev.microsoft.com,50.07%,0.18%,0.63%,7.09%,0.00%,0.00%,0.00%,0.00%,0.04%,0.00%,13.04%,27.47%,47.93%,11.15%,0.41%,91-365 Days
March 2026,How To,Draft an email,d718645c-601c-454a-854d-78a9215ba0a0,https://support.microsoft.com/en-us/topic/d718645c-601c-454a-854d-78a9215ba0a0,5.46%,"1,080","1,024","1,042",L,2,42.13%,12.22%,100.00%,40.56%,22.22%,9,0,triciag@microsoft.com,40.46%,0.28%,1.48%,10.93%,0.00%,0.00%,0.00%,0.00%,0.19%,0.00%,12.04%,69.81%,17.31%,0.83%,0.00%,> 365 Days
March 2026,How To,I am getting license validation errors with Copilot,375cf342-8559-48c3-8436-7564d5de3fc6,https://support.microsoft.com/en-us/topic/375cf342-8559-48c3-8436-7564d5de3fc6,7.64%,"26,474","19,111","21,038",H,0,23.94%,12.05%,100.00%,51.59%,50.33%,896,10,v-chlem@microsoft.com,51.17%,2.86%,0.91%,11.43%,0.00%,0.02%,0.00%,0.00%,0.87%,0.00%,5.23%,85.78%,8.57%,0.42%,0.00%,0-90 Days
March 2026,How To,Get started with Workflows in Microsoft 365 Copilot,8c6aba25-db31-443d-8319-bc79747b280a,https://support.microsoft.com/en-us/topic/8c6aba25-db31-443d-8319-bc79747b280a,8.69%,"9,593","7,312","8,907",H,0,26.72%,11.89%,100.00%,56.66%,54.55%,44,0,v-amguen@microsoft.com,56.51%,1.05%,4.09%,11.68%,0.00%,0.00%,0.00%,31.30%,0.21%,0.44%,53.85%,33.81%,10.08%,1.93%,0.33%,91-365 Days
March 2026,How To,About Microsoft Copilot Pro,9268db97-0f98-444e-8f29-62c5fedccb24,https://support.microsoft.com/en-us/topic/9268db97-0f98-444e-8f29-62c5fedccb24,49.96%,"1,349","1,247","1,279",H,0,30.39%,11.71%,100.00%,54.34%,33.33%,6,0,beschorr@microsoft.com,52.04%,16.31%,1.11%,17.42%,0.00%,0.22%,0.00%,0.00%,1.85%,0.00%,27.28%,65.68%,6.15%,0.74%,0.00%,> 365 Days
March 2026,How To,Copilot tutorial: What you can do with Microsoft 365 Copilot,8c5aa246-238d-49bb-a099-d6ca0e2d6b26,https://support.microsoft.com/en-us/topic/8c5aa246-238d-49bb-a099-d6ca0e2d6b26,17.32%,"8,581","7,103","8,195",H,0,25.23%,11.58%,100.00%,56.87%,74.71%,87,1,seoykim@ntdev.microsoft.com,43.36%,0.20%,0.56%,8.10%,0.00%,0.00%,0.00%,0.00%,0.47%,0.00%,16.55%,40.19%,33.48%,9.78%,0.00%,91-365 Days
March 2026,How To,Create a video with the Microsoft 365 Copilot app,4edd41f6-a7ad-47d5-9a55-3fd25622c9f8,https://support.microsoft.com/en-us/topic/4edd41f6-a7ad-47d5-9a55-3fd25622c9f8,14.56%,"7,536","6,366","6,911",H,1,32.42%,11.53%,100.00%,50.97%,70.37%,108,2,jenz@microsoft.com,50.84%,1.05%,2.04%,8.82%,0.03%,0.00%,0.00%,30.10%,1.42%,0.36%,36.37%,50.52%,11.65%,1.46%,0.00%,0-90 Days
March 2026,How To,Keep it short and sweet: a guide on the length of documents that you provide to Copilot,66de2ffd-deb2-4f0c-8984-098316104389,https://support.microsoft.com/en-us/topic/66de2ffd-deb2-4f0c-8984-098316104389,14.40%,"5,967","4,784","5,492",H,0,25.42%,11.48%,100.00%,59.43%,74.03%,77,0,ruihu@microsoft.com,59.39%,0.39%,3.17%,9.62%,0.00%,0.02%,0.00%,0.00%,0.13%,0.00%,25.54%,34.76%,35.38%,3.42%,0.90%,0-90 Days
March 2026,How To,Create a To Do for a file in the Microsoft 365 Copilot app,d693d66b-562f-480f-a62d-aed71acff6df,https://support.microsoft.com/en-us/topic/d693d66b-562f-480f-a62d-aed71acff6df,50.55%,"2,097","2,037","2,060",L,2,52.74%,11.44%,100.00%,22.99%,,0,0,camillepack@microsoft.com,22.99%,0.10%,0.48%,11.11%,0.00%,0.00%,0.00%,0.00%,0.05%,0.00%,11.16%,76.82%,11.54%,0.48%,0.00%,0-90 Days
March 2026,How To,Draft content with Microsoft 365 Copilot Chat and Copilot Pages,34582f3b-432a-4431-b228-a3aae3456916,https://support.microsoft.com/en-us/topic/34582f3b-432a-4431-b228-a3aae3456916,31.19%,"1,199","1,117","1,170",L,2,48.29%,11.18%,100.00%,32.28%,66.67%,3,0,jenz@microsoft.com,32.28%,0.00%,0.92%,10.43%,0.00%,0.00%,0.00%,0.00%,0.00%,0.00%,6.42%,74.98%,16.76%,1.83%,0.00%,0-90 Days
March 2026,Discovery,Standard versus priority access to features in Microsoft 365 Copilot Chat,12c8d9f8-db32-4f99-8ebe-d8d85879137f,https://support.microsoft.com/en-us/topic/12c8d9f8-db32-4f99-8ebe-d8d85879137f,27.14%,"11,414","8,022","9,757",H,0,28.84%,11.00%,100.00%,49.09%,62.16%,74,2,danismith@microsoft.com,48.97%,3.57%,2.26%,11.22%,0.09%,0.00%,0.00%,35.11%,0.46%,0.26%,4.21%,66.72%,17.95%,10.62%,0.51%,0-90 Days
March 2026,How To,Create a story with the Microsoft 365 Copilot app,ef27beeb-4ef2-4670-bb2e-efc8c4a988fe,https://support.microsoft.com/en-us/topic/ef27beeb-4ef2-4670-bb2e-efc8c4a988fe,50.42%,"2,836","2,622","2,680",L,2,39.46%,11.00%,100.00%,29.27%,60.00%,15,0,jenz@microsoft.com,28.21%,0.21%,2.26%,7.48%,0.04%,0.00%,0.00%,30.01%,0.63%,0.07%,23.24%,67.45%,9.06%,0.25%,0.00%,0-90 Days
March 2026,How To,Design a banner with the Microsoft 365 Copilot app,b8f0404a-29bf-49ff-84da-62c16d52acb6,https://support.microsoft.com/en-us/topic/b8f0404a-29bf-49ff-84da-62c16d52acb6,23.02%,"1,312","1,237","1,260",L,2,49.62%,10.90%,100.00%,29.42%,40.00%,10,1,jenz@microsoft.com,29.42%,0.61%,0.23%,9.22%,0.00%,0.00%,0.00%,22.71%,0.38%,0.38%,18.60%,69.44%,11.51%,0.46%,0.00%,91-365 Days
March 2026,How To,Using Copilot Vision with Microsoft Copilot,3c67686f-fa97-40f6-8a3e-0e45265d425f,https://support.microsoft.com/en-us/topic/3c67686f-fa97-40f6-8a3e-0e45265d425f,-0.32%,"106,919","72,306","77,169",H,1,26.03%,10.89%,100.00%,26.97%,68.29%,"3,980",43,jareda@microsoft.com,25.66%,1.82%,1.89%,5.70%,0.14%,0.03%,0.00%,0.00%,1.43%,0.00%,4.10%,87.92%,7.83%,0.14%,0.01%,91-365 Days
March 2026,How To,Create a quick draft with the Microsoft 365 Copilot app,83cff1a7-b59a-46f4-bcc4-853fea009273,https://support.microsoft.com/en-us/topic/83cff1a7-b59a-46f4-bcc4-853fea009273,43.70%,"1,080","1,040","1,052",L,2,55.37%,10.83%,100.00%,24.44%,100.00%,1,0,jenz@microsoft.com,24.44%,0.09%,0.56%,9.35%,0.00%,0.00%,0.00%,18.24%,0.28%,0.00%,7.50%,78.61%,13.61%,0.28%,0.00%,0-90 Days
March 2026,How To,Create an infographic with the Microsoft 365 Copilot app,833e4a9e-e9ae-4409-aad1-98ef4c6a1d4d,https://support.microsoft.com/en-us/topic/833e4a9e-e9ae-4409-aad1-98ef4c6a1d4d,12.54%,"3,078","2,661","2,864",H,0,27.88%,10.82%,100.00%,55.04%,58.06%,31,2,daisyfeller@microsoft.com,51.36%,0.78%,1.17%,9.00%,0.00%,0.00%,0.00%,33.53%,0.52%,0.23%,44.41%,39.31%,14.68%,1.56%,0.03%,0-90 Days
March 2026,How To,Use Researcher in Microsoft 365 Copilot Notebooks,ea037537-30a6-45c4-84b6-84f32f6c75c2,https://support.microsoft.com/en-us/topic/ea037537-30a6-45c4-84b6-84f32f6c75c2,3.56%,450,378,416,H,1,29.78%,10.67%,100.00%,48.89%,100.00%,1,0,jenz@microsoft.com,48.89%,0.67%,0.67%,10.67%,0.00%,0.00%,0.00%,25.11%,0.00%,0.22%,36.22%,58.00%,4.22%,1.56%,0.00%,0-90 Days
March 2026,How To,Create forms quickly with the Microsoft 365 Copilot app,2b8546e0-57b3-4104-a72d-134be605120b,https://support.microsoft.com/en-us/topic/2b8546e0-57b3-4104-a72d-134be605120b,19.69%,"1,361","1,282","1,319",L,2,46.88%,10.43%,100.00%,35.27%,57.14%,7,1,jenz@microsoft.com,35.27%,0.51%,1.03%,9.77%,0.00%,0.00%,0.00%,24.03%,0.29%,0.22%,20.28%,64.81%,13.96%,0.96%,0.00%,91-365 Days
March 2026,How To,Get started with Project Opal (Frontier),d6d9c0c7-caec-490f-8930-a3157cf97faa,https://support.microsoft.com/en-us/topic/d6d9c0c7-caec-490f-8930-a3157cf97faa,30.81%,"2,798","2,063","2,622",H,0,27.41%,10.36%,100.00%,54.82%,46.15%,13,0,loreenl@microsoft.com,54.65%,1.36%,2.54%,10.61%,0.00%,0.00%,0.00%,36.28%,0.32%,0.36%,43.39%,32.88%,21.62%,1.54%,0.57%,91-365 Days
March 2026,Discovery,What's new in the Microsoft 365 Copilot app for mobile,9bf278ab-0416-4843-a994-6fa374a09489,https://support.microsoft.com/en-us/topic/9bf278ab-0416-4843-a994-6fa374a09489,-1.62%,"79,301","62,923","69,744",L,2,45.04%,10.25%,100.00%,37.96%,62.34%,701,20,triciag@microsoft.com,37.90%,0.29%,0.03%,2.31%,0.07%,0.01%,0.00%,56.75%,1.91%,0.09%,0.01%,97.13%,2.83%,0.02%,0.01%,0-90 Days
March 2026,How To,How to share Microsoft 365 Copilot Pages,d73dd6f4-766c-4d57-8d17-7da4b1251ae0,https://support.microsoft.com/en-us/topic/d73dd6f4-766c-4d57-8d17-7da4b1251ae0,10.32%,"3,005","2,687","2,804",H,0,25.72%,10.18%,100.00%,60.37%,43.75%,16,1,jenz@microsoft.com,60.37%,0.40%,0.73%,9.28%,0.03%,0.00%,0.00%,25.36%,0.20%,0.07%,59.27%,33.71%,6.19%,0.83%,0.00%,0-90 Days
March 2026,How To,Pin an app in the Microsoft 365 Copilot app,f52f3628-81be-4eaa-8fc9-be9c105a46bf,https://support.microsoft.com/en-us/topic/f52f3628-81be-4eaa-8fc9-be9c105a46bf,13.25%,"1,540","1,492","1,511",L,2,50.71%,10.13%,100.00%,27.27%,37.50%,8,0,beschorr@microsoft.com,27.27%,0.06%,0.32%,7.53%,0.00%,0.00%,0.00%,0.00%,0.39%,0.00%,9.03%,73.90%,16.69%,0.39%,0.00%,91-365 Days
March 2026,How To,Copilot tutorial: Write faster,d928f139-dc77-43ee-9339-c8fc6cd5857e,https://support.microsoft.com/en-us/topic/d928f139-dc77-43ee-9339-c8fc6cd5857e,-4.68%,"1,772","1,514","1,665",H,0,25.34%,10.10%,100.00%,64.22%,78.26%,23,0,seoykim@ntdev.microsoft.com,47.01%,0.28%,0.73%,7.17%,0.00%,0.00%,0.00%,0.00%,0.34%,0.00%,16.14%,33.75%,30.64%,18.96%,0.51%,91-365 Days
March 2026,How To,How to add references to your Microsoft 365 Copilot Notebooks,73048ee1-fd1d-4f7b-b850-b011029e09f2,https://support.microsoft.com/en-us/topic/73048ee1-fd1d-4f7b-b850-b011029e09f2,35.18%,"13,805","10,949","12,393",H,0,30.57%,9.92%,100.00%,55.40%,26.19%,84,14,jenz@microsoft.com,55.34%,0.17%,0.96%,9.04%,0.01%,0.00%,0.00%,0.00%,0.04%,0.00%,5.03%,81.77%,12.89%,0.31%,0.00%,0-90 Days
March 2026,How To,Edit images in Microsoft 365 Copilot Chat,3d66613b-0916-44b2-a40d-042417b5e16e,https://support.microsoft.com/en-us/topic/3d66613b-0916-44b2-a40d-042417b5e16e,16.11%,869,822,841,H,1,31.30%,9.90%,100.00%,50.40%,33.33%,6,0,danismith@microsoft.com,50.40%,0.23%,1.15%,8.29%,0.00%,0.00%,0.00%,32.57%,1.15%,0.23%,42.35%,51.78%,5.06%,0.81%,0.00%,0-90 Days
March 2026,How To,Customize how Microsoft 365 Copilot responds to you,8b826c0d-eb78-493e-a30d-4490ec1c4b9e,https://support.microsoft.com/en-us/topic/8b826c0d-eb78-493e-a30d-4490ec1c4b9e,20.51%,"4,232","3,412","3,932",H,0,27.20%,9.88%,100.00%,56.26%,50.00%,20,1,danismith@microsoft.com,56.24%,0.31%,2.10%,8.91%,0.02%,0.00%,0.00%,27.50%,0.14%,0.14%,26.47%,40.95%,29.23%,3.21%,0.14%,0-90 Days
March 2026,How To,How to create an audio overview of your Microsoft 365 Copilot Notebook,a22df989-b9cd-47fb-abac-e888d8f10cd9,https://support.microsoft.com/en-us/topic/a22df989-b9cd-47fb-abac-e888d8f10cd9,16.01%,"3,004","2,615","2,825",L,2,37.08%,9.49%,100.00%,42.64%,66.67%,18,2,jenz@microsoft.com,42.58%,0.33%,1.43%,8.85%,0.00%,0.00%,0.00%,23.77%,0.30%,0.10%,12.28%,53.20%,32.72%,1.76%,0.03%,0-90 Days
March 2026,How To,Copilot tutorial: Chat about a Word file,d168b785-4b08-4311-b368-2daa15eb6283,https://support.microsoft.com/en-us/topic/d168b785-4b08-4311-b368-2daa15eb6283,2.16%,464,407,444,L,2,40.52%,9.48%,100.00%,44.40%,75.00%,4,0,seoykim@ntdev.microsoft.com,37.07%,0.00%,0.65%,4.74%,0.00%,0.00%,0.00%,0.00%,0.00%,0.00%,10.34%,57.97%,16.16%,15.52%,0.00%,91-365 Days
March 2026,How To,Copilot tutorial: Create a presentation with a prompt,67a277ba-eea3-45af-8f12-aaef02331052,https://support.microsoft.com/en-us/topic/67a277ba-eea3-45af-8f12-aaef02331052,-4.81%,"1,454","1,282","1,395",H,0,27.03%,8.87%,100.00%,59.97%,66.67%,9,1,seoykim@ntdev.microsoft.com,45.80%,0.34%,0.83%,7.70%,0.07%,0.00%,0.00%,0.00%,0.21%,0.00%,23.80%,39.75%,22.49%,13.96%,0.00%,91-365 Days
March 2026,How To,Copilot tutorial: Create an outline with Copilot in OneNote,5e28bbe2-9665-4d3e-9116-a033798b8993,https://support.microsoft.com/en-us/topic/5e28bbe2-9665-4d3e-9116-a033798b8993,-11.58%,691,623,654,H,0,26.19%,8.83%,100.00%,56.44%,66.67%,6,0,seoykim@ntdev.microsoft.com,43.85%,0.43%,1.59%,6.66%,0.00%,0.00%,0.00%,0.00%,0.43%,0.00%,11.14%,48.63%,28.65%,10.13%,1.45%,91-365 Days
March 2026,How To,Video tutorial: Create a document with Copilot Chat,cc4a4d47-0ec4-4e4f-ac8b-32f478d68ddc,https://support.microsoft.com/en-us/topic/cc4a4d47-0ec4-4e4f-ac8b-32f478d68ddc,19.86%,"1,717","1,521","1,666",H,0,25.16%,8.56%,100.00%,61.27%,78.95%,19,1,seoykim@ntdev.microsoft.com,46.83%,0.35%,1.16%,6.06%,0.00%,0.00%,0.00%,21.72%,0.76%,0.29%,10.60%,36.63%,33.37%,19.39%,0.00%,91-365 Days
March 2026,How To,Create and manage official Brand kits in the Microsoft 365 Copilot app,6bc8a5a7-5697-466b-9e1f-302a38d44afc,https://support.microsoft.com/en-us/topic/6bc8a5a7-5697-466b-9e1f-302a38d44afc,39.77%,"11,680","7,944","10,402",H,1,32.18%,8.54%,100.00%,50.51%,54.26%,94,7,donnabouldin@microsoft.com,50.37%,1.00%,2.28%,8.31%,0.00%,0.00%,0.00%,29.04%,0.15%,0.32%,29.90%,51.81%,12.79%,2.35%,3.15%,0-90 Days
March 2026,How To,Frequently asked questions about Microsoft 365 Copilot Chat,500fc65e-9973-4e42-9cf4-bdefb0eb04ce,https://support.microsoft.com/en-us/topic/500fc65e-9973-4e42-9cf4-bdefb0eb04ce,-7.03%,"27,816","24,223","26,172",H,1,35.01%,8.36%,100.00%,47.93%,56.47%,487,19,triciag@microsoft.com,47.42%,17.15%,0.75%,17.17%,0.08%,0.23%,0.00%,0.00%,0.73%,0.00%,11.84%,54.13%,6.03%,27.99%,0.00%,0-90 Days
March 2026,How To,What are Microsoft 365 Copilot Notebooks in OneNote?,c91a851a-77d6-4b70-a898-8aaf718a95df,https://support.microsoft.com/en-us/topic/c91a851a-77d6-4b70-a898-8aaf718a95df,6.58%,"2,463","2,086","2,335",H,1,30.21%,8.24%,100.00%,48.56%,45.45%,11,0,jenz@microsoft.com,48.56%,0.32%,1.38%,7.11%,0.00%,0.00%,0.00%,30.61%,0.37%,0.12%,38.94%,47.95%,11.98%,1.10%,0.04%,0-90 Days
March 2026,How To,Video tutorial: About Microsoft 365 Copilot Chat,2c59eb71-eaa1-45a6-b1d0-9b2dfe8b24ed,https://support.microsoft.com/en-us/topic/2c59eb71-eaa1-45a6-b1d0-9b2dfe8b24ed,-12.91%,"3,532","2,865","3,244",H,0,28.96%,8.13%,100.00%,55.44%,87.36%,87,3,seoykim@ntdev.microsoft.com,43.46%,0.71%,0.76%,5.92%,0.00%,0.00%,0.00%,17.92%,0.68%,0.34%,7.81%,37.37%,15.94%,38.87%,0.00%,0-90 Days
March 2026,How To,Copilot tutorial: Kickstart a presentation,d9fdc14f-3e6a-4e64-8daf-1faf2a34df94,https://support.microsoft.com/en-us/topic/d9fdc14f-3e6a-4e64-8daf-1faf2a34df94,10.11%,"1,434","1,304","1,401",H,0,25.10%,8.02%,100.00%,55.37%,80.00%,5,0,seoykim@ntdev.microsoft.com,38.42%,0.21%,1.26%,6.76%,0.00%,0.00%,0.00%,0.00%,0.42%,0.00%,12.06%,46.03%,25.94%,15.97%,0.00%,91-365 Days
March 2026,How To,Copilot tutorial: Create a branded presentation from a file,7ed62b4e-4ed9-4762-b042-28b85321d173,https://support.microsoft.com/en-us/topic/7ed62b4e-4ed9-4762-b042-28b85321d173,4.26%,"1,480","1,282","1,439",H,0,25.34%,7.77%,100.00%,61.01%,70.00%,10,0,seoykim@ntdev.microsoft.com,49.66%,0.27%,0.88%,6.55%,0.00%,0.00%,0.00%,0.00%,0.27%,0.00%,22.43%,37.43%,32.43%,7.64%,0.07%,91-365 Days
March 2026,How To,Copilot tutorial: Summarize a document,fb94a832-97b0-4467-ad86-a69680f036a0,https://support.microsoft.com/en-us/topic/fb94a832-97b0-4467-ad86-a69680f036a0,15.59%,"1,033",880,972,H,0,26.33%,7.65%,100.00%,58.57%,100.00%,6,0,seoykim@ntdev.microsoft.com,42.88%,0.19%,1.45%,6.29%,0.00%,0.00%,0.00%,0.00%,0.19%,0.00%,13.17%,44.72%,26.43%,14.81%,0.87%,91-365 Days
March 2026,How To,Convert your Microsoft 365 Copilot Page to a Word document,f39f872a-4f47-408c-8fc9-2c6808c003a1,https://support.microsoft.com/en-us/topic/f39f872a-4f47-408c-8fc9-2c6808c003a1,17.02%,"2,039","1,909","1,973",H,1,35.95%,7.41%,100.00%,43.21%,27.27%,11,0,jenz@microsoft.com,43.11%,0.44%,0.25%,6.82%,0.00%,0.00%,0.00%,25.11%,0.15%,0.15%,25.36%,66.11%,7.90%,0.64%,0.00%,0-90 Days
March 2026,How To,"Video tutorial: Try out Copilot Chat on desktop, mobile, Edge, or Microsoft365.com",39de776c-2de9-4b40-8c17-ed7b3d30c3d6,https://support.microsoft.com/en-us/topic/39de776c-2de9-4b40-8c17-ed7b3d30c3d6,19.71%,"2,329","1,565","1,717",L,2,40.62%,7.39%,100.00%,48.82%,85.29%,34,0,seoykim@ntdev.microsoft.com,42.08%,0.64%,0.43%,6.10%,0.00%,0.00%,0.00%,12.75%,0.56%,0.17%,4.34%,20.87%,12.37%,62.43%,0.00%,91-365 Days
March 2026,How To,Frequently asked questions about Create in the Microsoft 365 Copilot app,748b8f2e-5f5d-431e-aceb-6965fa17ef5f,https://support.microsoft.com/en-us/topic/748b8f2e-5f5d-431e-aceb-6965fa17ef5f,17.11%,"26,008","23,287","24,883",L,2,37.24%,7.35%,100.00%,46.09%,58.54%,562,7,askfordocs@microsoft.com,45.86%,3.72%,0.46%,3.73%,0.02%,0.00%,0.00%,0.00%,1.46%,0.00%,0.60%,45.02%,0.89%,53.49%,0.00%,91-365 Days
March 2026,How To,Use Copilot to create sample Excel data and Word documents,9c7cfb11-2c22-431c-9c4d-3931799cbf73,https://support.microsoft.com/en-us/topic/9c7cfb11-2c22-431c-9c4d-3931799cbf73,2.59%,810,757,788,H,0,27.78%,7.28%,100.00%,58.64%,20.00%,5,0,v-amguen@microsoft.com,58.64%,0.49%,1.73%,6.17%,0.00%,0.00%,0.00%,43.33%,0.25%,0.00%,63.95%,33.83%,1.11%,1.11%,0.00%,> 365 Days
March 2026,How To,Copilot tutorial: What makes a good prompt?,91c44bd6-e7d8-4c82-9b1d-8e8a1834354d,https://support.microsoft.com/en-us/topic/91c44bd6-e7d8-4c82-9b1d-8e8a1834354d,-9.57%,"3,855","3,236","3,590",H,0,20.21%,7.13%,100.00%,68.92%,90.14%,71,0,seoykim@ntdev.microsoft.com,45.03%,0.21%,1.04%,5.81%,0.00%,0.00%,0.00%,0.00%,0.16%,0.00%,7.96%,26.46%,18.99%,46.59%,0.00%,91-365 Days
March 2026,How To,Copilot tutorial: Find references in Word file,7ed980aa-c608-4c0d-a29f-9eb5ba4bfa47,https://support.microsoft.com/en-us/topic/7ed980aa-c608-4c0d-a29f-9eb5ba4bfa47,11.85%,751,717,745,H,0,33.95%,6.92%,100.00%,51.26%,100.00%,1,0,seoykim@ntdev.microsoft.com,41.94%,0.13%,1.46%,4.79%,0.00%,0.00%,0.00%,0.00%,0.00%,0.00%,15.71%,53.13%,21.44%,9.72%,0.00%,91-365 Days
March 2026,How To,Schedule Copilot prompts,29dfd5fb-211a-4515-88a6-730b8074e489,https://support.microsoft.com/en-us/topic/29dfd5fb-211a-4515-88a6-730b8074e489,28.71%,"10,530","8,134","9,878",H,0,22.12%,6.55%,100.00%,66.15%,65.15%,66,0,v-amguen@microsoft.com,63.87%,0.49%,1.96%,5.75%,0.00%,0.00%,0.00%,28.64%,0.16%,0.22%,46.12%,32.22%,11.60%,9.28%,0.79%,0-90 Days
March 2026,How To,"Use Microsoft 365 Copilot Chat to analyze sports, weather, and stock",ab4b8e27-f162-4e79-b718-0137f27b7f25,https://support.microsoft.com/en-us/topic/ab4b8e27-f162-4e79-b718-0137f27b7f25,-90.48%,357,322,350,L,2,37.54%,6.44%,100.00%,43.70%,100.00%,1,0,v-ggross@microsoft.com,43.70%,0.00%,0.28%,5.04%,0.00%,0.00%,0.00%,24.37%,0.56%,0.00%,20.45%,76.75%,2.52%,0.28%,0.00%,0-90 Days
March 2026,How To,Reset the data access settings for your agents in Copilot chat,a78abd50-9e97-4785-8134-25888d95f272,https://support.microsoft.com/en-us/topic/a78abd50-9e97-4785-8134-25888d95f272,4.47%,313,292,304,H,0,31.31%,6.39%,100.00%,53.35%,,0,0,smccontent@microsoft.com,53.35%,0.64%,0.00%,6.07%,0.00%,0.00%,0.00%,34.19%,0.32%,0.64%,52.40%,43.77%,2.88%,0.96%,0.00%,
March 2026,Discovery,Notes to be retired from the Microsoft 365 Copilot mobile app,ebaa64c3-15c5-4a8d-8360-4398e6652277,https://support.microsoft.com/en-us/topic/ebaa64c3-15c5-4a8d-8360-4398e6652277,-4.30%,279,259,264,H,0,34.77%,6.09%,100.00%,50.18%,0.00%,1,0,triciag@microsoft.com,50.18%,0.00%,1.08%,5.73%,0.00%,0.00%,0.00%,30.11%,0.00%,0.00%,44.09%,55.20%,0.36%,0.36%,0.00%,91-365 Days
March 2026,How To,Copilot tutorial: Quick tips for better prompts,e709662d-3295-4507-bc69-359080456e6b,https://support.microsoft.com/en-us/topic/e709662d-3295-4507-bc69-359080456e6b,1.25%,"2,967","2,569","2,779",H,0,32.29%,5.59%,100.00%,51.87%,84.38%,32,0,seoykim@ntdev.microsoft.com,36.03%,0.20%,0.91%,4.04%,0.03%,0.00%,0.00%,0.00%,0.13%,0.00%,4.99%,43.95%,22.31%,28.75%,0.00%,91-365 Days
March 2026,How To,Copilot tutorial: What is a prompt?,991e832f-caaf-41e0-a0d6-b97e6a467a20,https://support.microsoft.com/en-us/topic/991e832f-caaf-41e0-a0d6-b97e6a467a20,-33.76%,"4,819","3,621","3,994",L,2,40.73%,5.54%,100.00%,48.31%,80.00%,25,0,seoykim@ntdev.microsoft.com,34.90%,0.12%,0.48%,4.65%,0.00%,0.00%,0.00%,0.00%,0.08%,0.00%,4.25%,19.92%,14.63%,61.20%,0.00%,91-365 Days
March 2026,How To,Understanding web search in Microsoft 365 Copilot Chat and Agents,94c45d32-1a77-4f82-8e05-58dfb9afac48,https://support.microsoft.com/en-us/topic/94c45d32-1a77-4f82-8e05-58dfb9afac48,1.10%,"99,521","83,349","91,948",L,2,44.49%,5.53%,100.00%,32.71%,70.25%,"2,410",17,janellem@microsoft.com,32.30%,0.79%,0.29%,3.31%,0.01%,0.00%,0.00%,0.00%,0.57%,0.00%,1.13%,69.62%,2.76%,26.49%,0.00%,0-90 Days
March 2026,How To,Copilot tutorial: Get email coaching with Copilot,c59f13dd-af04-4759-852b-a8235d70d421,https://support.microsoft.com/en-us/topic/c59f13dd-af04-4759-852b-a8235d70d421,43.63%,"1,538","1,419","1,506",H,1,28.87%,5.40%,100.00%,39.60%,71.43%,7,0,seoykim@ntdev.microsoft.com,30.49%,0.07%,0.91%,3.51%,0.00%,0.00%,0.00%,0.00%,0.13%,0.00%,5.46%,63.91%,19.44%,10.53%,0.65%,0-90 Days
March 2026,How To,Listen to an audio overview of your document,9b2fad37-021e-4e89-b33b-323e850f9ae0,https://support.microsoft.com/en-us/topic/9b2fad37-021e-4e89-b33b-323e850f9ae0,24.00%,225,188,213,H,1,31.11%,5.33%,100.00%,47.56%,50.00%,4,0,smccontent@microsoft.com,47.56%,0.44%,2.22%,1.78%,0.00%,0.00%,0.00%,43.11%,0.44%,0.44%,40.89%,48.00%,7.11%,4.00%,0.00%,
March 2026,How To,"Using Context IQ to refer to specific files, people, and more in Microsoft 365 Copilot and Copilot Chat",272ac2c1-c5f7-49c9-8a42-2a8a87846fa0,https://support.microsoft.com/en-us/topic/272ac2c1-c5f7-49c9-8a42-2a8a87846fa0,-21.52%,"2,221","1,879","2,105",H,1,34.76%,5.04%,100.00%,47.32%,45.45%,11,0,danismith@microsoft.com,47.28%,8.69%,2.16%,11.62%,0.00%,0.00%,0.00%,27.92%,0.18%,0.32%,16.21%,55.52%,21.97%,5.94%,0.36%,0-90 Days
March 2026,Discovery,Get a head start on your project with Help me create in Microsoft 365,faa48831-72cf-44df-a0ab-28ae2c5eb1b6,https://support.microsoft.com/en-us/topic/faa48831-72cf-44df-a0ab-28ae2c5eb1b6,-6.35%,299,294,294,L,2,49.83%,5.02%,100.00%,29.10%,80.00%,5,0,bhutson@microsoft.com,29.10%,0.00%,0.00%,1.00%,0.00%,0.33%,0.00%,0.00%,0.33%,0.00%,8.03%,88.63%,2.68%,0.67%,0.00%,> 365 Days
March 2026,How To,Actions in the Microsoft 365 Copilot app for Android,e34c2a60-be3e-4263-8f0a-c530db5361ab,https://support.microsoft.com/en-us/topic/e34c2a60-be3e-4263-8f0a-c530db5361ab,-1.05%,"1,526","1,369","1,431",L,2,39.12%,4.85%,100.00%,42.79%,87.50%,8,0,smccontent@microsoft.com,42.79%,0.20%,0.39%,3.74%,0.07%,0.00%,0.00%,33.42%,0.33%,0.13%,33.62%,59.37%,6.68%,0.33%,0.00%,
March 2026,Discovery,"How ""Hey Copilot"" voice chat wake word works in Microsoft 365 Copilot",a0bf9f39-6dab-47ae-9054-2d919753293e,https://support.microsoft.com/en-us/topic/a0bf9f39-6dab-47ae-9054-2d919753293e,22.08%,"1,164","1,053","1,112",L,2,36.25%,4.81%,100.00%,41.67%,77.78%,9,0,danismith@microsoft.com,41.67%,0.43%,1.98%,3.61%,0.00%,0.00%,0.00%,26.72%,0.26%,0.09%,16.58%,71.56%,9.79%,2.06%,0.00%,0-90 Days
March 2026,Legal,Frequently asked questions about voice features in Microsoft 365 Copilot,54f83fd3-ea7c-41f5-9502-07ed73fe4c64,https://support.microsoft.com/en-us/topic/54f83fd3-ea7c-41f5-9502-07ed73fe4c64,18.95%,"1,240","1,034","1,154",L,2,32.66%,4.27%,100.00%,53.63%,28.57%,7,0,danismith@microsoft.com,52.34%,33.87%,2.90%,34.19%,0.00%,0.00%,0.00%,34.76%,0.40%,0.16%,24.76%,59.27%,13.79%,2.18%,0.00%,0-90 Days
March 2026,How To,The Microsoft 365 app transition to the Microsoft 365 Copilot app,22eac811-08d6-4df3-92dd-77f193e354a5,https://support.microsoft.com/en-us/topic/22eac811-08d6-4df3-92dd-77f193e354a5,-5.20%,"72,581","37,945","61,523",L,2,45.51%,3.73%,100.00%,18.85%,67.25%,910,14,smccontent@microsoft.com,18.76%,0.25%,0.15%,1.43%,0.03%,0.00%,0.00%,45.87%,0.75%,0.07%,4.76%,92.94%,1.34%,0.86%,0.11%,91-365 Days
March 2026,How To,"How to create, edit, and share Microsoft 365 Copilot Pages from your phone",6426dfd5-081c-4a9f-b35e-830685deeda7,https://support.microsoft.com/en-us/topic/6426dfd5-081c-4a9f-b35e-830685deeda7,51.76%,"1,652","1,631","1,638",L,2,57.08%,3.63%,100.00%,19.31%,25.00%,4,0,jenz@microsoft.com,19.31%,0.00%,0.18%,3.39%,0.00%,0.00%,0.00%,18.16%,0.00%,0.00%,6.96%,89.41%,3.39%,0.24%,0.00%,0-90 Days
March 2026,How To,Prepare your presentation with Microsoft 365 Copilot,7f06429e-c0c2-4819-8119-b519ad599796,https://support.microsoft.com/en-us/topic/7f06429e-c0c2-4819-8119-b519ad599796,23.70%,"1,287","1,215","1,256",H,1,34.97%,3.57%,100.00%,46.93%,64.71%,17,0,smccontent@microsoft.com,46.78%,0.16%,0.85%,1.63%,0.00%,0.00%,0.00%,0.00%,0.39%,0.00%,32.17%,61.23%,1.17%,5.44%,0.00%,> 365 Days
March 2026,How To,Video tutorial: Create a graph with Copilot Chat,81bd2c5e-0a1c-42cf-93b0-137274e6b277,https://support.microsoft.com/en-us/topic/81bd2c5e-0a1c-42cf-93b0-137274e6b277,51.35%,"2,787","1,832","1,993",L,2,37.71%,3.52%,100.00%,46.65%,72.73%,33,0,seoykim@ntdev.microsoft.com,35.34%,0.14%,0.57%,2.40%,0.00%,0.00%,0.00%,8.90%,0.18%,0.11%,4.09%,15.43%,17.37%,63.11%,0.00%,91-365 Days
March 2026,How To,Customize with agents in Word and PowerPoint,2419337e-8043-4f18-8bab-1ad1344d5cde,https://support.microsoft.com/en-us/topic/2419337e-8043-4f18-8bab-1ad1344d5cde,2.39%,"1,005",609,722,H,0,28.56%,3.28%,100.00%,51.54%,55.56%,9,0,v-tpotter@microsoft.com,51.54%,0.10%,0.00%,0.70%,0.00%,0.00%,0.00%,0.00%,0.50%,0.00%,0.00%,99.30%,0.70%,0.00%,0.00%,> 365 Days
March 2026,How To,Create AI-generated short clips with Microsoft 365 Copilot (Frontier),07694d9a-9a39-4c87-8c5b-a1190365759f,https://support.microsoft.com/en-us/topic/07694d9a-9a39-4c87-8c5b-a1190365759f,22.05%,925,871,908,L,2,50.92%,2.92%,100.00%,30.05%,100.00%,2,0,daisyfeller@microsoft.com,30.05%,0.43%,1.95%,2.49%,0.00%,0.00%,0.00%,23.68%,0.54%,0.11%,21.73%,72.65%,2.49%,3.14%,0.00%,91-365 Days
March 2026,How To,Share a Word document with a Copilot-generated summary,f516a8e1-b529-4821-af6b-553a94a0b498,https://support.microsoft.com/en-us/topic/f516a8e1-b529-4821-af6b-553a94a0b498,-20.80%,327,323,323,L,2,40.37%,2.75%,100.00%,39.45%,0.00%,2,0,v-chlem@microsoft.com,39.45%,0.00%,0.00%,1.22%,0.00%,0.00%,0.00%,21.71%,0.00%,0.00%,22.32%,76.45%,0.92%,0.31%,0.00%,> 365 Days
March 2026,How To,Get started with prompts in Microsoft 365 Copilot Chat,1eb6ad6b-3ccc-48aa-b788-47955e053b20,https://support.microsoft.com/en-us/topic/1eb6ad6b-3ccc-48aa-b788-47955e053b20,-56.18%,744,688,717,L,2,44.62%,2.69%,100.00%,35.08%,60.00%,5,0,danismith@microsoft.com,35.08%,0.54%,2.15%,1.08%,0.00%,0.00%,0.00%,20.70%,0.54%,0.27%,17.61%,73.66%,4.03%,4.57%,0.13%,0-90 Days
March 2026,Reference,File formats supported by Microsoft 365 Copilot,1afb9a70-2232-4753-85c2-602c422af3a8,https://support.microsoft.com/en-us/topic/1afb9a70-2232-4753-85c2-602c422af3a8,16.89%,"607,240","506,546","561,455",H,0,26.03%,2.68%,100.00%,63.93%,42.83%,"9,502",194,loreenl@microsoft.com,63.83%,0.25%,0.30%,2.04%,0.00%,0.00%,0.00%,0.00%,0.07%,0.00%,0.30%,67.56%,0.61%,31.52%,0.00%,0-90 Days
March 2026,How To,Copilot tutorial: Draft an email with Copilot in OneNote,0c53f677-65c8-4a4b-b1aa-b475e5b40758,https://support.microsoft.com/en-us/topic/0c53f677-65c8-4a4b-b1aa-b475e5b40758,20.98%,429,415,424,L,2,37.76%,2.56%,100.00%,41.96%,,0,0,seoykim@ntdev.microsoft.com,31.24%,0.00%,2.10%,2.10%,0.00%,0.00%,0.00%,0.00%,0.00%,0.00%,1.17%,74.59%,17.95%,6.29%,0.00%,91-365 Days
March 2026,How To,Get started with the Microsoft 365 Copilot app for iOS,a2ab4483-4d08-4a7e-98f5-1f8cd3b90271,https://support.microsoft.com/en-us/topic/a2ab4483-4d08-4a7e-98f5-1f8cd3b90271,19.52%,"1,675","1,620","1,644",L,2,39.82%,2.51%,100.00%,46.45%,50.00%,4,0,smccontent@microsoft.com,46.39%,0.18%,0.06%,0.18%,0.00%,0.06%,0.00%,19.82%,0.48%,0.06%,17.01%,77.73%,4.24%,1.01%,0.00%,
March 2026,How To,Replace part of a video project with an AI-generated short clip (Frontier),cc3b07ba-1b57-46be-8be4-a2338f75bdc8,https://support.microsoft.com/en-us/topic/cc3b07ba-1b57-46be-8be4-a2338f75bdc8,29.06%,382,379,382,L,3,62.57%,1.83%,100.00%,16.23%,,0,0,daisyfeller@microsoft.com,16.23%,0.26%,0.26%,1.57%,0.00%,0.00%,0.00%,9.95%,0.26%,0.26%,6.28%,90.05%,1.57%,2.09%,0.00%,91-365 Days
March 2026,How To,How to plan a successful event with Microsoft 365 Copilot,5b312bfb-2a03-4c7d-82d6-1ea6d226c2b8,https://support.microsoft.com/en-us/topic/5b312bfb-2a03-4c7d-82d6-1ea6d226c2b8,13.66%,710,706,707,L,3,57.32%,1.55%,100.00%,27.04%,60.00%,5,0,bhutson@microsoft.com,27.04%,0.14%,0.14%,0.99%,0.00%,0.00%,0.00%,0.00%,0.14%,0.00%,9.86%,88.17%,0.99%,0.99%,0.00%,> 365 Days
March 2026,How To,Copilot tutorial: Summarize and identify to-do items with Copilot in OneNote,696ebaf1-62fe-49b3-b3d7-cd047659fa55,https://support.microsoft.com/en-us/topic/696ebaf1-62fe-49b3-b3d7-cd047659fa55,21.97%,"1,493","1,443","1,476",L,3,52.44%,1.34%,100.00%,17.62%,,0,0,seoykim@ntdev.microsoft.com,13.13%,0.00%,0.87%,1.00%,0.00%,0.00%,0.00%,0.00%,0.07%,0.00%,1.88%,86.14%,9.11%,2.88%,0.00%,> 365 Days
March 2026,How To,The Microsoft 365 Copilot app for Windows,88eb9310-76bd-4b13-a0de-99c3bc222c39,https://support.microsoft.com/en-us/topic/88eb9310-76bd-4b13-a0de-99c3bc222c39,8.84%,"1,211","1,197","1,202",L,3,50.45%,0.99%,100.00%,32.45%,,0,0,smccontent@microsoft.com,32.45%,0.08%,0.91%,0.33%,0.00%,0.00%,0.00%,14.29%,0.41%,0.00%,7.76%,91.33%,0.25%,0.66%,0.00%,
March 2026,How To,Frequently asked questions about Help me create in Microsoft 365,3452db92-8fad-46de-91be-8dede44abcb5,https://support.microsoft.com/en-us/topic/3452db92-8fad-46de-91be-8dede44abcb5,2.51%,478,476,476,L,3,68.83%,0.63%,100.00%,12.55%,,0,0,bhutson@microsoft.com,12.55%,0.21%,0.00%,0.21%,0.00%,0.00%,0.00%,0.00%,0.00%,0.00%,2.93%,96.86%,0.21%,0.00%,0.00%,> 365 Days
March 2026,How To,GPT Builder has been retired,d1de6c3a-4c7a-4bcd-98ff-2f65f3d23cd1,https://support.microsoft.com/en-us/topic/d1de6c3a-4c7a-4bcd-98ff-2f65f3d23cd1,13.10%,992,972,984,L,3,49.50%,0.50%,100.00%,31.25%,,0,0,beschorr@microsoft.com,30.85%,4.64%,0.20%,4.64%,0.00%,0.00%,0.00%,0.00%,0.00%,0.00%,6.25%,90.12%,2.42%,1.21%,0.00%,> 365 Days
March 2026,How To,Convert your Microsoft 365 Copilot Page to a PDF file,d882cadb-c905-4027-b79a-3bacc3348097,https://support.microsoft.com/en-us/topic/d882cadb-c905-4027-b79a-3bacc3348097,100.00%,3,1,1,L,3,66.67%,0.00%,100.00%,33.33%,,0,0,jenz@microsoft.com,33.33%,0.00%,0.00%,0.00%,0.00%,0.00%,0.00%,0.00%,0.00%,0.00%,0.00%,0.00%,100.00%,0.00%,0.00%,0-90 Days
March 2026,How To,Discover the latest agent features and capabilities,6853afce-fa66-4689-8bfb-1d626f6ff78e,https://support.microsoft.com/en-us/topic/6853afce-fa66-4689-8bfb-1d626f6ff78e,-44.44%,9,9,9,L,3,66.67%,0.00%,100.00%,0.00%,,0,0,smccontent@microsoft.com,0.00%,0.00%,0.00%,0.00%,0.00%,0.00%,0.00%,0.00%,0.00%,0.00%,0.00%,100.00%,0.00%,0.00%,0.00%,
March 2026,How To,Get a video overview of your Microsoft 365 Copilot Notebook (Frontier),969d9514-97ce-4086-bc52-702a377eceec,https://support.microsoft.com/en-us/topic/969d9514-97ce-4086-bc52-702a377eceec,100.00%,1,1,1,H,1,0.00%,0.00%,100.00%,100.00%,,0,0,jenz@microsoft.com,100.00%,0.00%,0.00%,0.00%,0.00%,0.00%,0.00%,0.00%,0.00%,0.00%,0.00%,0.00%,100.00%,0.00%,0.00%,91-365 Days
March 2026,How To,Use additional data sources with Microsoft 365 Copilot,b41e679a-ee19-4a8d-ab5c-ebd00ff46d71,https://support.microsoft.com/en-us/topic/b41e679a-ee19-4a8d-ab5c-ebd00ff46d71,29.37%,143,140,142,L,3,39.86%,0.00%,100.00%,48.25%,,0,0,deniseb@microsoft.com,48.25%,0.00%,0.00%,0.00%,0.00%,0.00%,0.00%,0.00%,0.00%,0.00%,15.38%,84.62%,0.00%,0.00%,0.00%,> 365 Days
March 2026,Navigation,inapp_landing_iwappc_v16,3a7cad87-2652-47c6-9273-6f172ea04339,https://support.microsoft.com/en-us/topic/3a7cad87-2652-47c6-9273-6f172ea04339,-37.50%,16,16,16,L,3,62.50%,0.00%,100.00%,12.50%,,0,0,ansnel@microsoft.com,12.50%,0.00%,0.00%,0.00%,0.00%,0.00%,0.00%,6.25%,0.00%,0.00%,0.00%,100.00%,0.00%,0.00%,0.00%,> 365 Days
March 2026,Navigation,inapp_landing_iwpwa_v16,2fbdc0bd-bb90-4db2-b8ec-d6d92bfa7fa7,https://support.microsoft.com/en-us/topic/2fbdc0bd-bb90-4db2-b8ec-d6d92bfa7fa7,-23.08%,26,26,26,L,3,57.69%,0.00%,100.00%,23.08%,,0,0,ansnel@microsoft.com,23.08%,0.00%,0.00%,0.00%,0.00%,0.00%,0.00%,0.00%,0.00%,0.00%,0.00%,100.00%,0.00%,0.00%,0.00%,> 365 Days
March 2026,Navigation,InApp_Landing_MET150_v16_COMODCREATEENT,8f006fec-51df-47e1-900a-a3545ce56e1c,https://support.microsoft.com/en-us/topic/8f006fec-51df-47e1-900a-a3545ce56e1c,100.00%,1,1,1,L,2,0.00%,0.00%,100.00%,100.00%,,0,0,askfordocs@microsoft.com,100.00%,0.00%,0.00%,0.00%,0.00%,0.00%,0.00%,0.00%,0.00%,0.00%,0.00%,0.00%,100.00%,0.00%,0.00%,> 365 Days
March 2026,Quick Answer,Creating Executive Summaries and Project Summaries with Microsoft 365 Copilot Chat,375068e2-ffef-4d07-851c-424bdc808045,https://support.microsoft.com/en-us/topic/375068e2-ffef-4d07-851c-424bdc808045,100.00%,1,1,1,H,0,0.00%,0.00%,100.00%,100.00%,,0,0,jadamczyk@microsoft.com,100.00%,0.00%,0.00%,0.00%,0.00%,0.00%,0.00%,0.00%,0.00%,0.00%,0.00%,100.00%,0.00%,0.00%,0.00%,
March 2026,Quick Answer,Disabling Copilot in Excel on Windows and Mac,e5178841-e21e-4372-be51-d31d44af80f2,https://support.microsoft.com/en-us/topic/e5178841-e21e-4372-be51-d31d44af80f2,100.00%,1,1,1,H,0,0.00%,0.00%,100.00%,100.00%,,0,0,jadamczyk@microsoft.com,100.00%,0.00%,0.00%,0.00%,0.00%,0.00%,0.00%,0.00%,0.00%,0.00%,0.00%,0.00%,100.00%,0.00%,0.00%,
March 2026,Quick Answer,Disabling Copilot in Outlook Across Devices,bd1b2d9d-8766-4d07-99be-6e6a2b69a103,https://support.microsoft.com/en-us/topic/bd1b2d9d-8766-4d07-99be-6e6a2b69a103,100.00%,1,1,1,L,2,100.00%,0.00%,100.00%,0.00%,,0,0,jadamczyk@microsoft.com,0.00%,0.00%,0.00%,0.00%,0.00%,0.00%,0.00%,100.00%,0.00%,0.00%,0.00%,0.00%,100.00%,0.00%,0.00%,
Total,,,,,15.54%,"2,800,903","2,207,932","2,485,590",,165,26.63%,16.19%,100.00%,54.16%,61.27%,"59,070",1405,,53.18%,1.46%,0.86%,8.89%,0.04%,0.04%,0.00%,9.83%,0.92%,0.15%,12.86%,56.11%,18.55%,12.34%,0.14%,
,,,,,,,,,,,,,,,,,,,,,,,,,,,,,,,,,,
"Applied filters:
LastDateOfMonth is March 2026
Collections is Copilot||Essentials_Get_Started, Copilot||Essentials_Navigation, Copilot||Lifecycle, Essentials_Get_Started||Copilot, Essentials_Navigation||Copilot, or Copilot
Product is microsoft 365 copilot, microsoft copilot, or copilot for microsoft 365",,,,,,,,,,,,,,,,,,,,,,,,,,,,,,,,,,
